lineage,AHE,gene,uce,total_loci,filename,Targets,Source,Order,HigherOrder,Family,Subfamily,Genus,Species,RegNo
outgroup_Gallus_gallus_SAMN15960293,368,38,653,1059,Aves_Gallus_gallus_SAMN15960293.fasta,SqCL,NCBI,Aves,,outgroup,NA,Gallus,gallus,SAMN15960293
Sphenodontidae_Sphenodon_punctatus_SAMN08038466,385,39,4992,5416,Sphenodontidae_Sphenodon_punctatus_SAMN08038466.fasta,SqCL,NCBI,Rhynchocephalia,,Sphenodontidae,NA,Sphenodon,punctatus,SAMN08038466
Sphenodontidae_Sphenodon_punctatus_SAMN08038466,385,39,4992,5416,Sphenodontidae_Sphenodon_punctatus_SAMN08038466.fasta,SqCL,NCBI,Rhynchocephalia,,Sphenodontidae,NA,Sphenodon,punctatus,SAMN08038466
Varanidae_Varanus_komodoensis_SAMN10967258,388,41,4997,5426,Varanidae_Varanus_komodoensis_SAMN10967258.fasta,SqCL,NCBI,Squamata,Anguimorpha,Varanidae,NA,Varanus,komodoensis,SAMN10967258
Dibamidae_Dibamus_novaeguineae_ABTC062295,338,0,2,340,Dibamidae_Dibamus_novaeguineae_ABTC062295.fasta,AHE,Burbrink et al. 2021 (AHE_T212),Squamata,Dibamia,Dibamidae,NA,Dibamus,novaeguineae,ABTC062295
Gekkonidae_Heteronotia_binoei_CCM8104,388,40,4984,5412,Gekkonidae_Heteronotia_binoei_CCM8104.fasta,SqCL,NCBI,Squamata,Gekkota,Gekkonidae,NA,Heteronotia,binoei,CCM8104
Agamidae_Acanthocercus_guentherpetersi_TJC1385,360,35,4791,5186,Agamidae_Acanthocercus_guentherpetersi_TJC1385.fasta,SqCL,Title & Singhal et al. (2024),Squamata,Iguania,Agamidae,Agaminae,Acanthocercus,guentherpetersi,TJC1385
Agamidae_Agama_lanzai_CAS227496,351,33,4823,5207,Agamidae_Agama_lanzai_CAS227496.fasta,SqCL,Title & Singhal et al. (2024),Squamata,Iguania,Agamidae,Agaminae,Agama,lanzai,CAS227496
Agamidae_Laudakia_agrorensis_CAS232150,362,34,4755,5151,Agamidae_Laudakia_agrorensis_CAS232150.fasta,SqCL,Title & Singhal et al. (2024),Squamata,Iguania,Agamidae,Agaminae,Laudakia,agrorensis,CAS232150
Agamidae_Laudakia_melanura_MVZHerp248402,360,34,4785,5179,Agamidae_Laudakia_melanura_MVZHerp248402.fasta,SqCL,Title & Singhal et al. (2024),Squamata,Iguania,Agamidae,Agaminae,Laudakia,melanura,MVZHerp248402
Agamidae_Phrynocephalus_luteoguttatus_CAS232112,366,34,4804,5204,Agamidae_Phrynocephalus_luteoguttatus_CAS232112.fasta,SqCL,Title & Singhal et al. (2024),Squamata,Iguania,Agamidae,Agaminae,Phrynocephalus,luteoguttatus,CAS232112
Agamidae_Phrynocephalus_putjatai_SAMN38108945,385,40,4891,5316,Agamidae_Phrynocephalus_putjatai_SAMN38108945.fasta,SqCL,Title & Singhal et al. (2024),Squamata,Iguania,Agamidae,Agaminae,Phrynocephalus,putjatai,SAMN38108945
Agamidae_Pseudotrapelus_dhofarensis_CAS227583,361,34,4803,5198,Agamidae_Pseudotrapelus_dhofarensis_CAS227583.fasta,SqCL,Title & Singhal et al. (2024),Squamata,Iguania,Agamidae,Agaminae,Pseudotrapelus,dhofarensis,CAS227583
Agamidae_Pseudotrapelus_jensvindumi_CAS225340,355,36,4782,5173,Agamidae_Pseudotrapelus_jensvindumi_CAS225340.fasta,SqCL,Title & Singhal et al. (2024),Squamata,Iguania,Agamidae,Agaminae,Pseudotrapelus,jensvindumi,CAS225340
Agamidae_Trapelus_agilis_CAS228565,25,25,3948,3998,Agamidae_Trapelus_agilis_CAS228565.fasta,SqCL,Title & Singhal et al. (2024),Squamata,Iguania,Agamidae,Agaminae,Trapelus,agilis,CAS228565
Agamidae_Xenagama_zonura_TJC1334,356,34,4807,5197,Agamidae_Xenagama_zonura_TJC1334.fasta,SqCL,Title & Singhal et al. (2024),Squamata,Iguania,Agamidae,Agaminae,Xenagama,zonura,TJC1334
Agamidae_Amphibolurus_burnsi_AM9736,345,28,4027,4400,Agamidae_Amphibolurus_burnsi_AM9736.fasta,SqCL,AusARG_Agamidae,Squamata,Iguania,Agamidae,Amphibolurinae,Amphibolurus,burnsi,AM9736
Agamidae_Amphibolurus_burnsi_NMVD74137,356,33,4674,5063,Agamidae_Amphibolurus_burnsi_NMVD74137.fasta,SqCL,AusARG_Agamidae,Squamata,Iguania,Agamidae,Amphibolurinae,Amphibolurus,burnsi,NMVD74137
Agamidae_Amphibolurus_centralis_NMVD72710,292,18,2698,3008,Agamidae_Amphibolurus_centralis_NMVD72710.fasta,SqCL,AusARG_Agamidae,Squamata,Iguania,Agamidae,Amphibolurinae,Amphibolurus,centralis,NMVD72710
Agamidae_Amphibolurus_centralis_NMVD74288,359,34,4572,4965,Agamidae_Amphibolurus_centralis_NMVD74288.fasta,SqCL,AusARG_Agamidae,Squamata,Iguania,Agamidae,Amphibolurinae,Amphibolurus,centralis,NMVD74288
Agamidae_Amphibolurus_muricatus_AM391L,345,29,4452,4826,Agamidae_Amphibolurus_muricatus_AM391L.fasta,SqCL,AusARG_Agamidae,Squamata,Iguania,Agamidae,Amphibolurinae,Amphibolurus,muricatus,AM391L
Agamidae_Amphibolurus_muricatus_AMSR.147368,364,35,4752,5151,Agamidae_Amphibolurus_muricatus_AMSR.147368.fasta,SqCL,AusARG_Agamidae,Squamata,Iguania,Agamidae,Amphibolurinae,Amphibolurus,muricatus,AMSR.147368
Agamidae_Amphibolurus_muricatus_AMSR.151559,343,26,4088,4457,Agamidae_Amphibolurus_muricatus_AMSR.151559.fasta,SqCL,AusARG_Agamidae,Squamata,Iguania,Agamidae,Amphibolurinae,Amphibolurus,muricatus,AMSR.151559
Agamidae_Amphibolurus_muricatus_AMSR.156047,363,34,4763,5160,Agamidae_Amphibolurus_muricatus_AMSR.156047.fasta,SqCL,AusARG_Agamidae,Squamata,Iguania,Agamidae,Amphibolurinae,Amphibolurus,muricatus,AMSR.156047
Agamidae_Amphibolurus_norrisi_WAMR140534,362,34,4711,5107,Agamidae_Amphibolurus_norrisi_WAMR140534.fasta,SqCL,AusARG_Agamidae,Squamata,Iguania,Agamidae,Amphibolurinae,Amphibolurus,norrisi,WAMR140534
Agamidae_Amphibolurus_norrisi_WAMR77934,362,36,4733,5131,Agamidae_Amphibolurus_norrisi_WAMR77934.fasta,SqCL,AusARG_Agamidae,Squamata,Iguania,Agamidae,Amphibolurinae,Amphibolurus,norrisi,WAMR77934
Agamidae_Chelosania_brunnea_ABTC80828,189,9,2970,3168,Agamidae_Chelosania_brunnea_ABTC80828.fasta,SqCL,Title & Singhal et al. (2024),Squamata,Iguania,Agamidae,Amphibolurinae,Chelosania,brunnea,ABTC80828
Agamidae_Chelosania_brunnea_WAMR163197,357,34,4698,5089,Agamidae_Chelosania_brunnea_WAMR163197.fasta,SqCL,AusARG_Agamidae,Squamata,Iguania,Agamidae,Amphibolurinae,Chelosania,brunnea,WAMR163197
Agamidae_Chelosania_brunnea_WAMR163197_2,364,35,4718,5117,Agamidae_Chelosania_brunnea_WAMR163197_2.fasta,SqCL,AusARG_Agamidae,Squamata,Iguania,Agamidae,Amphibolurinae,Chelosania,brunnea,WAMR163197
Agamidae_Chlamydosaurus_kingii_AMSR.140277,366,34,4725,5125,Agamidae_Chlamydosaurus_kingii_AMSR.140277.fasta,SqCL,AusARG_Agamidae,Squamata,Iguania,Agamidae,Amphibolurinae,Chlamydosaurus,kingii,AMSR.140277
Agamidae_Chlamydosaurus_kingii_NMVD74308,368,33,4737,5138,Agamidae_Chlamydosaurus_kingii_NMVD74308.fasta,SqCL,AusARG_Agamidae,Squamata,Iguania,Agamidae,Amphibolurinae,Chlamydosaurus,kingii,NMVD74308
Agamidae_Chlamydosaurus_kingii_UMMZ236528,369,35,4808,5212,Agamidae_Chlamydosaurus_kingii_UMMZ236528.fasta,SqCL,Title & Singhal et al. (2024),Squamata,Iguania,Agamidae,Amphibolurinae,Chlamydosaurus,kingii,UMMZ236528
Agamidae_Cryptagama_aurita_TR1103,359,31,4607,4997,Agamidae_Cryptagama_aurita_TR1103.fasta,SqCL,AusARG_Agamidae,Squamata,Iguania,Agamidae,Amphibolurinae,Cryptagama,aurita,TR1103
Agamidae_Cryptagama_aurita_TR1107,364,36,4744,5144,Agamidae_Cryptagama_aurita_TR1107.fasta,SqCL,AusARG_Agamidae,Squamata,Iguania,Agamidae,Amphibolurinae,Cryptagama,aurita,TR1107
Agamidae_Ctenophorus_adelaidensis_WAMR151705,361,35,4781,5177,Agamidae_Ctenophorus_adelaidensis_WAMR151705.fasta,SqCL,AusARG_Agamidae,Squamata,Iguania,Agamidae,Amphibolurinae,Ctenophorus,adelaidensis,WAMR151705
Agamidae_Ctenophorus_adelaidensis_WAMR154000,363,34,4754,5151,Agamidae_Ctenophorus_adelaidensis_WAMR154000.fasta,SqCL,AusARG_Agamidae,Squamata,Iguania,Agamidae,Amphibolurinae,Ctenophorus,adelaidensis,WAMR154000
Agamidae_Ctenophorus_badius_SAMAR29301,356,35,4770,5161,Agamidae_Ctenophorus_badius_SAMAR29301.fasta,SqCL,AusARG_Agamidae,Squamata,Iguania,Agamidae,Amphibolurinae,Ctenophorus,badius,SAMAR29301
Agamidae_Ctenophorus_badius_WAMR121913,241,12,1991,2244,Agamidae_Ctenophorus_badius_WAMR121913.fasta,SqCL,AusARG_Agamidae,Squamata,Iguania,Agamidae,Amphibolurinae,Ctenophorus,badius,WAMR121913
Agamidae_Ctenophorus_butlerorum_WAMR113629,313,22,3339,3674,Agamidae_Ctenophorus_butlerorum_WAMR113629.fasta,SqCL,AusARG_Agamidae,Squamata,Iguania,Agamidae,Amphibolurinae,Ctenophorus,butlerorum,WAMR113629
Agamidae_Ctenophorus_butlerorum_WAMR121917,368,36,4803,5207,Agamidae_Ctenophorus_butlerorum_WAMR121917.fasta,SqCL,AusARG_Agamidae,Squamata,Iguania,Agamidae,Amphibolurinae,Ctenophorus,butlerorum,WAMR121917
Agamidae_Ctenophorus_caudicinctus_NMVD74396,357,35,4794,5186,Agamidae_Ctenophorus_caudicinctus_NMVD74396.fasta,SqCL,AusARG_Agamidae,Squamata,Iguania,Agamidae,Amphibolurinae,Ctenophorus,caudicinctus,NMVD74396
Agamidae_Ctenophorus_caudicinctus_WAMR154520,326,23,3834,4183,Agamidae_Ctenophorus_caudicinctus_WAMR154520.fasta,SqCL,AusARG_Agamidae,Squamata,Iguania,Agamidae,Amphibolurinae,Ctenophorus,caudicinctus,WAMR154520
Agamidae_Ctenophorus_caudicinctus.caudicinctus.A_NMVD74376,251,11,1680,1942,Agamidae_Ctenophorus_caudicinctus.caudicinctus_NMVD74376.fasta,SqCL,AusARG_Agamidae,Squamata,Iguania,Agamidae,Amphibolurinae,Ctenophorus,caudicinctus.caudicinctus.A,NMVD74376
Agamidae_Ctenophorus_caudicinctus.caudicinctus.A_NMVD74376,251,11,1680,1942,Agamidae_Ctenophorus_caudicinctus.caudicinctus.A_NMVD74376.fasta,SqCL,Title & Singhal et al. (2024),Squamata,Iguania,Agamidae,Amphibolurinae,Ctenophorus,caudicinctus.caudicinctus.A,NMVD74376
Agamidae_Ctenophorus_caudicinctus.caudicinctus.B_NMVD74373,363,33,4715,5111,Agamidae_Ctenophorus_caudicinctus.caudicinctus.B_NMVD74373.fasta,SqCL,AusARG_Agamidae,Squamata,Iguania,Agamidae,Amphibolurinae,Ctenophorus,caudicinctus.caudicinctus.B,NMVD74373
Agamidae_Ctenophorus_caudicinctus.mensarum_NMVD74398,265,16,2483,2764,Agamidae_Ctenophorus_caudicinctus.mensarum_NMVD74398.fasta,SqCL,AusARG_Agamidae,Squamata,Iguania,Agamidae,Amphibolurinae,Ctenophorus,caudicinctus.mensarum,NMVD74398
Agamidae_Ctenophorus_caudicinctus.mensarum_WAMR116892,367,34,4786,5187,Agamidae_Ctenophorus_caudicinctus.mensarum_WAMR116892.fasta,SqCL,AusARG_Agamidae,Squamata,Iguania,Agamidae,Amphibolurinae,Ctenophorus,caudicinctus.mensarum,WAMR116892
Agamidae_Ctenophorus_chapmani_WAMR144221,361,35,4810,5206,Agamidae_Ctenophorus_chapmani_WAMR144221.fasta,SqCL,AusARG_Agamidae,Squamata,Iguania,Agamidae,Amphibolurinae,Ctenophorus,chapmani,WAMR144221
Agamidae_Ctenophorus_chapmani_WAMR154321,364,35,4809,5208,Agamidae_Ctenophorus_chapmani_WAMR154321.fasta,SqCL,AusARG_Agamidae,Squamata,Iguania,Agamidae,Amphibolurinae,Ctenophorus,chapmani,WAMR154321
Agamidae_Ctenophorus_clayi_NMVZ54524,362,36,4725,5123,Agamidae_Ctenophorus_clayi_NMVZ54524.fasta,SqCL,AusARG_Agamidae,Squamata,Iguania,Agamidae,Amphibolurinae,Ctenophorus,clayi,NMVZ54524
Agamidae_Ctenophorus_clayi_NMVZ75788,365,36,4757,5158,Agamidae_Ctenophorus_clayi_NMVZ75788.fasta,SqCL,AusARG_Agamidae,Squamata,Iguania,Agamidae,Amphibolurinae,Ctenophorus,clayi,NMVZ75788
Agamidae_Ctenophorus_cristatus_NMVZ75787,366,36,4786,5188,Agamidae_Ctenophorus_cristatus_NMVZ75787.fasta,SqCL,AusARG_Agamidae,Squamata,Iguania,Agamidae,Amphibolurinae,Ctenophorus,cristatus,NMVZ75787
Agamidae_Ctenophorus_cristatus_SAMAR31851,363,35,4692,5090,Agamidae_Ctenophorus_cristatus_SAMAR31851.fasta,SqCL,AusARG_Agamidae,Squamata,Iguania,Agamidae,Amphibolurinae,Ctenophorus,cristatus,SAMAR31851
Agamidae_Ctenophorus_decresii_SAMAR49234,365,34,4681,5080,Agamidae_Ctenophorus_decresii_SAMAR49234.fasta,SqCL,AusARG_Agamidae,Squamata,Iguania,Agamidae,Amphibolurinae,Ctenophorus,decresii,SAMAR49234
Agamidae_Ctenophorus_decresii_SAMAR53785,361,33,4729,5123,Agamidae_Ctenophorus_decresii_SAMAR53785.fasta,SqCL,AusARG_Agamidae,Squamata,Iguania,Agamidae,Amphibolurinae,Ctenophorus,decresii,SAMAR53785
Agamidae_Ctenophorus_dualis_SAMAR59605,364,32,4655,5051,Agamidae_Ctenophorus_dualis_SAMAR59605.fasta,SqCL,AusARG_Agamidae,Squamata,Iguania,Agamidae,Amphibolurinae,Ctenophorus,dualis,SAMAR59605
Agamidae_Ctenophorus_dualis_WAMR142341,366,34,4753,5153,Agamidae_Ctenophorus_dualis_WAMR142341.fasta,SqCL,AusARG_Agamidae,Squamata,Iguania,Agamidae,Amphibolurinae,Ctenophorus,dualis,WAMR142341
Agamidae_Ctenophorus_femoralis_SAMAR22804,355,32,4163,4550,Agamidae_Ctenophorus_femoralis_SAMAR22804.fasta,SqCL,AusARG_Agamidae,Squamata,Iguania,Agamidae,Amphibolurinae,Ctenophorus,femoralis,SAMAR22804
Agamidae_Ctenophorus_femoralis_WAMR120527,359,33,4421,4813,Agamidae_Ctenophorus_femoralis_WAMR120527.fasta,SqCL,AusARG_Agamidae,Squamata,Iguania,Agamidae,Amphibolurinae,Ctenophorus,femoralis,WAMR120527
Agamidae_Ctenophorus_fionni_SAMAR30170,365,35,4726,5126,Agamidae_Ctenophorus_fionni_SAMAR30170.fasta,SqCL,AusARG_Agamidae,Squamata,Iguania,Agamidae,Amphibolurinae,Ctenophorus,fionni,SAMAR30170
Agamidae_Ctenophorus_fionni_SAMAR49107,360,35,4751,5146,Agamidae_Ctenophorus_fionni_SAMAR49107.fasta,SqCL,AusARG_Agamidae,Squamata,Iguania,Agamidae,Amphibolurinae,Ctenophorus,fionni,SAMAR49107
Agamidae_Ctenophorus_fordi_NMVD65877,365,36,4724,5125,Agamidae_Ctenophorus_fordi_NMVD65877.fasta,SqCL,AusARG_Agamidae,Squamata,Iguania,Agamidae,Amphibolurinae,Ctenophorus,fordi,NMVD65877
Agamidae_Ctenophorus_fordi_WAMR141036,356,31,4513,4900,Agamidae_Ctenophorus_fordi_WAMR141036.fasta,SqCL,AusARG_Agamidae,Squamata,Iguania,Agamidae,Amphibolurinae,Ctenophorus,fordi,WAMR141036
Agamidae_Ctenophorus_gibba_NMVZ53191,357,35,4703,5095,Agamidae_Ctenophorus_gibba_NMVZ53191.fasta,SqCL,AusARG_Agamidae,Squamata,Iguania,Agamidae,Amphibolurinae,Ctenophorus,gibba,NMVZ53191
Agamidae_Ctenophorus_gibba_SAMAR45990,194,11,1216,1421,Agamidae_Ctenophorus_gibba_SAMAR45990.fasta,SqCL,AusARG_Agamidae,Squamata,Iguania,Agamidae,Amphibolurinae,Ctenophorus,gibba,SAMAR45990
Agamidae_Ctenophorus_graafi_ABTC91400,367,34,4727,5128,Agamidae_Ctenophorus_graafi_ABTC91400.fasta,SqCL,AusARG_Agamidae,Squamata,Iguania,Agamidae,Amphibolurinae,Ctenophorus,graafi,ABTC91400
Agamidae_Ctenophorus_graafi_ABTC91543,351,29,4439,4819,Agamidae_Ctenophorus_graafi_ABTC91543.fasta,SqCL,AusARG_Agamidae,Squamata,Iguania,Agamidae,Amphibolurinae,Ctenophorus,graafi,ABTC91543
Agamidae_Ctenophorus_griseus_WAMR142324,354,26,3985,4365,Agamidae_Ctenophorus_griseus_WAMR142324.fasta,SqCL,AusARG_Agamidae,Squamata,Iguania,Agamidae,Amphibolurinae,Ctenophorus,griseus,WAMR142324
Agamidae_Ctenophorus_griseus_WAMR142353,351,29,4182,4562,Agamidae_Ctenophorus_griseus_WAMR142353.fasta,SqCL,AusARG_Agamidae,Squamata,Iguania,Agamidae,Amphibolurinae,Ctenophorus,griseus,WAMR142353
Agamidae_Ctenophorus_ibiri_SAMAR36504,266,20,2420,2706,Agamidae_Ctenophorus_ibiri_SAMAR36504.fasta,SqCL,AusARG_Agamidae,Squamata,Iguania,Agamidae,Amphibolurinae,Ctenophorus,ibiri,SAMAR36504
Agamidae_Ctenophorus_ibiri_SAMAR57428,362,32,4477,4871,Agamidae_Ctenophorus_ibiri_SAMAR57428.fasta,SqCL,AusARG_Agamidae,Squamata,Iguania,Agamidae,Amphibolurinae,Ctenophorus,ibiri,SAMAR57428
Agamidae_Ctenophorus_infans_WAMR119039,362,35,4746,5143,Agamidae_Ctenophorus_infans_WAMR119039.fasta,SqCL,AusARG_Agamidae,Squamata,Iguania,Agamidae,Amphibolurinae,Ctenophorus,infans,WAMR119039
Agamidae_Ctenophorus_infans_WAMR119041,364,34,4687,5085,Agamidae_Ctenophorus_infans_WAMR119041.fasta,SqCL,AusARG_Agamidae,Squamata,Iguania,Agamidae,Amphibolurinae,Ctenophorus,infans,WAMR119041
Agamidae_Ctenophorus_isolepis_UMMZ244206,360,31,4817,5208,Agamidae_Ctenophorus_isolepis_UMMZ244206.fasta,SqCL,Title & Singhal et al. (2024),Squamata,Iguania,Agamidae,Amphibolurinae,Ctenophorus,isolepis,UMMZ244206
Agamidae_Ctenophorus_isolepis.citrinus_NMVD74451,362,34,4702,5098,Agamidae_Ctenophorus_isolepis.citrinus_NMVD74451.fasta,SqCL,AusARG_Agamidae,Squamata,Iguania,Agamidae,Amphibolurinae,Ctenophorus,isolepis.citrinus,NMVD74451
Agamidae_Ctenophorus_isolepis.gularis_NMVD74425,368,32,4698,5098,Agamidae_Ctenophorus_isolepis.gularis_NMVD74425.fasta,SqCL,AusARG_Agamidae,Squamata,Iguania,Agamidae,Amphibolurinae,Ctenophorus,isolepis.gularis,NMVD74425
Agamidae_Ctenophorus_isolepis.gularis_SAMAR26194,363,34,4642,5039,Agamidae_Ctenophorus_isolepis.gularis_SAMAR26194.fasta,SqCL,AusARG_Agamidae,Squamata,Iguania,Agamidae,Amphibolurinae,Ctenophorus,isolepis.gularis,SAMAR26194
Agamidae_Ctenophorus_isolepis.gularis_WAMR164249,368,34,4779,5181,Agamidae_Ctenophorus_isolepis.gularis_WAMR164249.fasta,SqCL,AusARG_Agamidae,Squamata,Iguania,Agamidae,Amphibolurinae,Ctenophorus,isolepis.gularis,WAMR164249
Agamidae_Ctenophorus_isolepis.isolepis_WAMR110090,364,34,4781,5179,Agamidae_Ctenophorus_isolepis.isolepis_WAMR110090.fasta,SqCL,AusARG_Agamidae,Squamata,Iguania,Agamidae,Amphibolurinae,Ctenophorus,isolepis.isolepis,WAMR110090
Agamidae_Ctenophorus_isolepis.isolepis_WAMR159813,364,34,4779,5177,Agamidae_Ctenophorus_isolepis.isolepis_WAMR159813.fasta,SqCL,AusARG_Agamidae,Squamata,Iguania,Agamidae,Amphibolurinae,Ctenophorus,isolepis.isolepis,WAMR159813
Agamidae_Ctenophorus_kartiwarru_SAMAR30254,367,32,4642,5041,Agamidae_Ctenophorus_kartiwarru_SAMAR30254.fasta,SqCL,AusARG_Agamidae,Squamata,Iguania,Agamidae,Amphibolurinae,Ctenophorus,kartiwarru,SAMAR30254
Agamidae_Ctenophorus_kartiwarru_SAMAR49254,355,29,4365,4749,Agamidae_Ctenophorus_kartiwarru_SAMAR49254.fasta,SqCL,AusARG_Agamidae,Squamata,Iguania,Agamidae,Amphibolurinae,Ctenophorus,kartiwarru,SAMAR49254
Agamidae_Ctenophorus_maculatus_AMSR.140523,360,33,4701,5094,Agamidae_Ctenophorus_maculatus_AMSR.140523.fasta,SqCL,AusARG_Agamidae,Squamata,Iguania,Agamidae,Amphibolurinae,Ctenophorus,maculatus,AMSR.140523
Agamidae_Ctenophorus_maculatus_WAMR142114,355,31,4349,4735,Agamidae_Ctenophorus_maculatus_WAMR142114.fasta,SqCL,AusARG_Agamidae,Squamata,Iguania,Agamidae,Amphibolurinae,Ctenophorus,maculatus,WAMR142114
Agamidae_Ctenophorus_maculatus_WAMR142114_2,355,31,4349,4735,Agamidae_Ctenophorus_maculatus_WAMR142114_2.fasta,SqCL,AusARG_Agamidae,Squamata,Iguania,Agamidae,Amphibolurinae,Ctenophorus,maculatus,WAMR142114
Agamidae_Ctenophorus_maculosus_SAMAR25909,329,24,3387,3740,Agamidae_Ctenophorus_maculosus_SAMAR25909.fasta,SqCL,AusARG_Agamidae,Squamata,Iguania,Agamidae,Amphibolurinae,Ctenophorus,maculosus,SAMAR25909
Agamidae_Ctenophorus_maculosus_SAMAR62749,364,33,4578,4975,Agamidae_Ctenophorus_maculosus_SAMAR62749.fasta,SqCL,AusARG_Agamidae,Squamata,Iguania,Agamidae,Amphibolurinae,Ctenophorus,maculosus,SAMAR62749
Agamidae_Ctenophorus_mckenziei_SAMAR32266,366,33,4724,5123,Agamidae_Ctenophorus_mckenziei_SAMAR32266.fasta,SqCL,AusARG_Agamidae,Squamata,Iguania,Agamidae,Amphibolurinae,Ctenophorus,mckenziei,SAMAR32266
Agamidae_Ctenophorus_mckenziei_WAMR91852,363,31,4663,5057,Agamidae_Ctenophorus_mckenziei_WAMR91852.fasta,SqCL,AusARG_Agamidae,Squamata,Iguania,Agamidae,Amphibolurinae,Ctenophorus,mckenziei,WAMR91852
Agamidae_Ctenophorus_mirrityana_NMV_CD332,371,35,4695,5101,Agamidae_Ctenophorus_mirrityana_NMV_CD332.fasta,SqCL,AusARG_Agamidae,Squamata,Iguania,Agamidae,Amphibolurinae,Ctenophorus,mirrityana,NMV
Agamidae_Ctenophorus_mirrityana_SAMAR31655,364,35,4745,5144,Agamidae_Ctenophorus_mirrityana_SAMAR31655.fasta,SqCL,AusARG_Agamidae,Squamata,Iguania,Agamidae,Amphibolurinae,Ctenophorus,mirrityana,SAMAR31655
Agamidae_Ctenophorus_modestus_SAMAR40708,365,34,4727,5126,Agamidae_Ctenophorus_modestus_SAMAR40708.fasta,SqCL,AusARG_Agamidae,Squamata,Iguania,Agamidae,Amphibolurinae,Ctenophorus,modestus,SAMAR40708
Agamidae_Ctenophorus_modestus_SAMAR51748,366,35,4760,5161,Agamidae_Ctenophorus_modestus_SAMAR51748.fasta,SqCL,AusARG_Agamidae,Squamata,Iguania,Agamidae,Amphibolurinae,Ctenophorus,modestus,SAMAR51748
Agamidae_Ctenophorus_modestus_SAMAR52935,364,36,4702,5102,Agamidae_Ctenophorus_modestus_SAMAR52935.fasta,SqCL,AusARG_Agamidae,Squamata,Iguania,Agamidae,Amphibolurinae,Ctenophorus,modestus,SAMAR52935
Agamidae_Ctenophorus_modestus_SAMAR60922,368,35,4821,5224,Agamidae_Ctenophorus_modestus_SAMAR60922.fasta,SqCL,AusARG_Agamidae,Squamata,Iguania,Agamidae,Amphibolurinae,Ctenophorus,modestus,SAMAR60922
Agamidae_Ctenophorus_nguyarna_WAMR157972,364,34,4784,5182,Agamidae_Ctenophorus_nguyarna_WAMR157972.fasta,SqCL,AusARG_Agamidae,Squamata,Iguania,Agamidae,Amphibolurinae,Ctenophorus,nguyarna,WAMR157972
Agamidae_Ctenophorus_nguyarna_WAMR157973,363,34,4697,5094,Agamidae_Ctenophorus_nguyarna_WAMR157973.fasta,SqCL,AusARG_Agamidae,Squamata,Iguania,Agamidae,Amphibolurinae,Ctenophorus,nguyarna,WAMR157973
Agamidae_Ctenophorus_nuchalis_CTN53,366,36,4756,5158,Agamidae_Ctenophorus_nuchalis_CTN53.fasta,SqCL,AusARG_Agamidae,Squamata,Iguania,Agamidae,Amphibolurinae,Ctenophorus,nuchalis,CTN53
Agamidae_Ctenophorus_nuchalis_SAMAR42726,365,33,4732,5130,Agamidae_Ctenophorus_nuchalis_SAMAR42726.fasta,SqCL,AusARG_Agamidae,Squamata,Iguania,Agamidae,Amphibolurinae,Ctenophorus,nuchalis,SAMAR42726
Agamidae_Ctenophorus_nuchalis_UMMZ244210,320,23,3998,4341,Agamidae_Ctenophorus_nuchalis_UMMZ244210.fasta,SqCL,Title & Singhal et al. (2024),Squamata,Iguania,Agamidae,Amphibolurinae,Ctenophorus,nuchalis,UMMZ244210
Agamidae_Ctenophorus_ornatus_WAMR104404,362,33,4769,5164,Agamidae_Ctenophorus_ornatus_WAMR104404.fasta,SqCL,AusARG_Agamidae,Squamata,Iguania,Agamidae,Amphibolurinae,Ctenophorus,ornatus,WAMR104404
Agamidae_Ctenophorus_ornatus_WAMR117279,366,34,4766,5166,Agamidae_Ctenophorus_ornatus_WAMR117279.fasta,SqCL,AusARG_Agamidae,Squamata,Iguania,Agamidae,Amphibolurinae,Ctenophorus,ornatus,WAMR117279
Agamidae_Ctenophorus_ornatus_WAMR154798,367,33,4784,5184,Agamidae_Ctenophorus_ornatus_WAMR154798.fasta,SqCL,AusARG_Agamidae,Squamata,Iguania,Agamidae,Amphibolurinae,Ctenophorus,ornatus,WAMR154798
Agamidae_Ctenophorus_ornatus_WAMR84713,359,34,4737,5130,Agamidae_Ctenophorus_ornatus_WAMR84713.fasta,SqCL,AusARG_Agamidae,Squamata,Iguania,Agamidae,Amphibolurinae,Ctenophorus,ornatus,WAMR84713
Agamidae_Ctenophorus_parviceps_WAMR120357,365,34,4738,5137,Agamidae_Ctenophorus_parviceps_WAMR120357.fasta,SqCL,AusARG_Agamidae,Squamata,Iguania,Agamidae,Amphibolurinae,Ctenophorus,parviceps,WAMR120357
Agamidae_Ctenophorus_parviceps_WAMR120360,364,36,4714,5114,Agamidae_Ctenophorus_parviceps_WAMR120360.fasta,SqCL,AusARG_Agamidae,Squamata,Iguania,Agamidae,Amphibolurinae,Ctenophorus,parviceps,WAMR120360
Agamidae_Ctenophorus_pictus_NMVD71337,366,33,4765,5164,Agamidae_Ctenophorus_pictus_NMVD71337.fasta,SqCL,AusARG_Agamidae,Squamata,Iguania,Agamidae,Amphibolurinae,Ctenophorus,pictus,NMVD71337
Agamidae_Ctenophorus_pictus_SAMAR28208,307,18,2351,2676,Agamidae_Ctenophorus_pictus_SAMAR28208.fasta,SqCL,AusARG_Agamidae,Squamata,Iguania,Agamidae,Amphibolurinae,Ctenophorus,pictus,SAMAR28208
Agamidae_Ctenophorus_reticulatus_CTR20,361,35,4754,5150,Agamidae_Ctenophorus_reticulatus_CTR20.fasta,SqCL,AusARG_Agamidae,Squamata,Iguania,Agamidae,Amphibolurinae,Ctenophorus,reticulatus,CTR20
Agamidae_Ctenophorus_reticulatus_CTR45,364,35,4731,5130,Agamidae_Ctenophorus_reticulatus_CTR45.fasta,SqCL,AusARG_Agamidae,Squamata,Iguania,Agamidae,Amphibolurinae,Ctenophorus,reticulatus,CTR45
Agamidae_Ctenophorus_reticulatus_UMMZ244212,355,28,4802,5185,Agamidae_Ctenophorus_reticulatus_UMMZ244212.fasta,SqCL,Title & Singhal et al. (2024),Squamata,Iguania,Agamidae,Amphibolurinae,Ctenophorus,reticulatus,UMMZ244212
Agamidae_Ctenophorus_rubens_WAMR127501,365,34,4768,5167,Agamidae_Ctenophorus_rubens_WAMR127501.fasta,SqCL,AusARG_Agamidae,Squamata,Iguania,Agamidae,Amphibolurinae,Ctenophorus,rubens,WAMR127501
Agamidae_Ctenophorus_rubens_WAMR157271,364,34,4719,5117,Agamidae_Ctenophorus_rubens_WAMR157271.fasta,SqCL,AusARG_Agamidae,Squamata,Iguania,Agamidae,Amphibolurinae,Ctenophorus,rubens,WAMR157271
Agamidae_Ctenophorus_rufescens_SAMAR28276,354,35,4680,5069,Agamidae_Ctenophorus_rufescens_SAMAR28276.fasta,SqCL,AusARG_Agamidae,Squamata,Iguania,Agamidae,Amphibolurinae,Ctenophorus,rufescens,SAMAR28276
Agamidae_Ctenophorus_rufescens_WAMR53417,366,35,4757,5158,Agamidae_Ctenophorus_rufescens_WAMR53417.fasta,SqCL,AusARG_Agamidae,Squamata,Iguania,Agamidae,Amphibolurinae,Ctenophorus,rufescens,WAMR53417
Agamidae_Ctenophorus_salinarum_NMVD74401,337,26,4206,4569,Agamidae_Ctenophorus_salinarum_NMVD74401.fasta,SqCL,AusARG_Agamidae,Squamata,Iguania,Agamidae,Amphibolurinae,Ctenophorus,salinarum,NMVD74401
Agamidae_Ctenophorus_salinarum_NMVZ54444,362,33,4723,5118,Agamidae_Ctenophorus_salinarum_NMVZ54444.fasta,SqCL,AusARG_Agamidae,Squamata,Iguania,Agamidae,Amphibolurinae,Ctenophorus,salinarum,NMVZ54444
Agamidae_Ctenophorus_scutulatus_NMVD74467,365,33,4718,5116,Agamidae_Ctenophorus_scutulatus_NMVD74467.fasta,SqCL,AusARG_Agamidae,Squamata,Iguania,Agamidae,Amphibolurinae,Ctenophorus,scutulatus,NMVD74467
Agamidae_Ctenophorus_scutulatus_NMVZ54544,354,29,4587,4970,Agamidae_Ctenophorus_scutulatus_NMVZ54544.fasta,SqCL,AusARG_Agamidae,Squamata,Iguania,Agamidae,Amphibolurinae,Ctenophorus,scutulatus,NMVZ54544
Agamidae_Ctenophorus_scutulatus_UMMZ244218,357,30,4823,5210,Agamidae_Ctenophorus_scutulatus_UMMZ244218.fasta,SqCL,Title & Singhal et al. (2024),Squamata,Iguania,Agamidae,Amphibolurinae,Ctenophorus,scutulatus,UMMZ244218
Agamidae_Ctenophorus_slateri_NACCM2282,371,34,4810,5215,Agamidae_Ctenophorus_slateri_NACCM2282.fasta,SqCL,Title & Singhal et al. (2024),Squamata,Iguania,Agamidae,Amphibolurinae,Ctenophorus,slateri,NACCM2282
Agamidae_Ctenophorus_slateri_NMVD72581,364,34,4739,5137,Agamidae_Ctenophorus_slateri_NMVD72581.fasta,SqCL,AusARG_Agamidae,Squamata,Iguania,Agamidae,Amphibolurinae,Ctenophorus,slateri,NMVD72581
Agamidae_Ctenophorus_slateri_NMVD72687,349,30,4418,4797,Agamidae_Ctenophorus_slateri_NMVD72687.fasta,SqCL,AusARG_Agamidae,Squamata,Iguania,Agamidae,Amphibolurinae,Ctenophorus,slateri,NMVD72687
Agamidae_Ctenophorus_slateri_NMVD72688,339,27,4331,4697,Agamidae_Ctenophorus_slateri_NMVD72688.fasta,SqCL,AusARG_Agamidae,Squamata,Iguania,Agamidae,Amphibolurinae,Ctenophorus,slateri,NMVD72688
Agamidae_Ctenophorus_slateri_NMVD74055,355,29,4426,4810,Agamidae_Ctenophorus_slateri_NMVD74055.fasta,SqCL,AusARG_Agamidae,Squamata,Iguania,Agamidae,Amphibolurinae,Ctenophorus,slateri,NMVD74055
Agamidae_Ctenophorus_slateri_NMVD74268,364,33,4722,5119,Agamidae_Ctenophorus_slateri_NMVD74268.fasta,SqCL,AusARG_Agamidae,Squamata,Iguania,Agamidae,Amphibolurinae,Ctenophorus,slateri,NMVD74268
Agamidae_Ctenophorus_slateri_NMVD74284,364,34,4761,5159,Agamidae_Ctenophorus_slateri_NMVD74284.fasta,SqCL,AusARG_Agamidae,Squamata,Iguania,Agamidae,Amphibolurinae,Ctenophorus,slateri,NMVD74284
Agamidae_Ctenophorus_spinodomus_AMSR.156634,368,34,4783,5185,Agamidae_Ctenophorus_spinodomus_AMSR.156634.fasta,SqCL,AusARG_Agamidae,Squamata,Iguania,Agamidae,Amphibolurinae,Ctenophorus,spinodomus,AMSR.156634
Agamidae_Ctenophorus_spinodomus_SAMAR36978,367,36,4734,5137,Agamidae_Ctenophorus_spinodomus_SAMAR36978.fasta,SqCL,AusARG_Agamidae,Squamata,Iguania,Agamidae,Amphibolurinae,Ctenophorus,spinodomus,SAMAR36978
Agamidae_Ctenophorus_tjakalpa_SAMAR31888,351,29,4405,4785,Agamidae_Ctenophorus_tjakalpa_SAMAR31888.fasta,SqCL,AusARG_Agamidae,Squamata,Iguania,Agamidae,Amphibolurinae,Ctenophorus,tjakalpa,SAMAR31888
Agamidae_Ctenophorus_tjakalpa_WAMR140408,367,33,4726,5126,Agamidae_Ctenophorus_tjakalpa_WAMR140408.fasta,SqCL,AusARG_Agamidae,Squamata,Iguania,Agamidae,Amphibolurinae,Ctenophorus,tjakalpa,WAMR140408
Agamidae_Ctenophorus_tjantjalka_ABTC33798,367,35,4730,5132,Agamidae_Ctenophorus_tjantjalka_ABTC33798.fasta,SqCL,AusARG_Agamidae,Squamata,Iguania,Agamidae,Amphibolurinae,Ctenophorus,tjantjalka,ABTC33798
Agamidae_Ctenophorus_tjantjalka_SAMAR46211,357,30,4176,4563,Agamidae_Ctenophorus_tjantjalka_SAMAR46211.fasta,SqCL,AusARG_Agamidae,Squamata,Iguania,Agamidae,Amphibolurinae,Ctenophorus,tjantjalka,SAMAR46211
Agamidae_Ctenophorus_tuniluki_SAMAR22756,302,20,2681,3003,Agamidae_Ctenophorus_tuniluki_SAMAR22756.fasta,SqCL,AusARG_Agamidae,Squamata,Iguania,Agamidae,Amphibolurinae,Ctenophorus,tuniluki,SAMAR22756
Agamidae_Ctenophorus_tuniluki_SAMAR22950,347,30,3959,4336,Agamidae_Ctenophorus_tuniluki_SAMAR22950.fasta,SqCL,AusARG_Agamidae,Squamata,Iguania,Agamidae,Amphibolurinae,Ctenophorus,tuniluki,SAMAR22950
Agamidae_Ctenophorus_vadnappa_SAMAR31656,364,36,4712,5112,Agamidae_Ctenophorus_vadnappa_SAMAR31656.fasta,SqCL,AusARG_Agamidae,Squamata,Iguania,Agamidae,Amphibolurinae,Ctenophorus,vadnappa,SAMAR31656
Agamidae_Ctenophorus_vadnappa_SAMAR36388,361,36,4738,5135,Agamidae_Ctenophorus_vadnappa_SAMAR36388.fasta,SqCL,AusARG_Agamidae,Squamata,Iguania,Agamidae,Amphibolurinae,Ctenophorus,vadnappa,SAMAR36388
Agamidae_Ctenophorus_yinnietharra_WAMR165963,292,18,3383,3693,Agamidae_Ctenophorus_yinnietharra_WAMR165963.fasta,SqCL,AusARG_Agamidae,Squamata,Iguania,Agamidae,Amphibolurinae,Ctenophorus,yinnietharra,WAMR165963
Agamidae_Ctenophorus_yinnietharra_WAMR165964,354,28,4537,4919,Agamidae_Ctenophorus_yinnietharra_WAMR165964.fasta,SqCL,AusARG_Agamidae,Squamata,Iguania,Agamidae,Amphibolurinae,Ctenophorus,yinnietharra,WAMR165964
Agamidae_Diporiphora_adductus_WAMR120511,357,31,4721,5109,Agamidae_Diporiphora_adductus_WAMR120511.fasta,SqCL,AusARG_Agamidae,Squamata,Iguania,Agamidae,Amphibolurinae,Diporiphora,adductus,WAMR120511
Agamidae_Diporiphora_adductus_WAMR157264,359,36,4769,5164,Agamidae_Diporiphora_adductus_WAMR157264.fasta,SqCL,AusARG_Agamidae,Squamata,Iguania,Agamidae,Amphibolurinae,Diporiphora,adductus,WAMR157264
Agamidae_Diporiphora_albilabris_NMVD73840,359,35,4701,5095,Agamidae_Diporiphora_albilabris_NMVD73840.fasta,SqCL,AusARG_Agamidae,Squamata,Iguania,Agamidae,Amphibolurinae,Diporiphora,albilabris,NMVD73840
Agamidae_Diporiphora_albilabris_NMVD73858,234,17,909,1160,Agamidae_Diporiphora_albilabris_NMVD73858.fasta,SqCL,AusARG_Agamidae,Squamata,Iguania,Agamidae,Amphibolurinae,Diporiphora,albilabris,NMVD73858
Agamidae_Diporiphora_ameliae_QMJ88274,358,33,4678,5069,Agamidae_Diporiphora_ameliae_QMJ88274.fasta,SqCL,AusARG_Agamidae,Squamata,Iguania,Agamidae,Amphibolurinae,Diporiphora,ameliae,QMJ88274
Agamidae_Diporiphora_ameliae_QMJ88275,366,36,4720,5122,Agamidae_Diporiphora_ameliae_QMJ88275.fasta,SqCL,AusARG_Agamidae,Squamata,Iguania,Agamidae,Amphibolurinae,Diporiphora,ameliae,QMJ88275
Agamidae_Diporiphora_amphiboluroides_NMVZ75792,369,33,4724,5126,Agamidae_Diporiphora_amphiboluroides_NMVZ75792.fasta,SqCL,AusARG_Agamidae,Squamata,Iguania,Agamidae,Amphibolurinae,Diporiphora,amphiboluroides,NMVZ75792
Agamidae_Diporiphora_amphiboluroides_WAMR104419,339,32,4417,4788,Agamidae_Diporiphora_amphiboluroides_WAMR104419.fasta,SqCL,AusARG_Agamidae,Squamata,Iguania,Agamidae,Amphibolurinae,Diporiphora,amphiboluroides,WAMR104419
Agamidae_Diporiphora_australis_NMVD74097,366,34,4795,5195,Agamidae_Diporiphora_australis_NMVD74097.fasta,SqCL,AusARG_Agamidae,Squamata,Iguania,Agamidae,Amphibolurinae,Diporiphora,australis,NMVD74097
Agamidae_Diporiphora_australis_NMVD74102,359,35,4730,5124,Agamidae_Diporiphora_australis_NMVD74102.fasta,SqCL,AusARG_Agamidae,Squamata,Iguania,Agamidae,Amphibolurinae,Diporiphora,australis,NMVD74102
Agamidae_Diporiphora_bennettii_ANWC_R10055,359,36,4681,5076,Agamidae_Diporiphora_bennettii_ANWC_R10055.fasta,SqCL,AusARG_Agamidae,Squamata,Iguania,Agamidae,Amphibolurinae,Diporiphora,bennettii,ANWC
Agamidae_Diporiphora_bennettii_WAMR168157,363,35,4800,5198,Agamidae_Diporiphora_bennettii_WAMR168157.fasta,SqCL,AusARG_Agamidae,Squamata,Iguania,Agamidae,Amphibolurinae,Diporiphora,bennettii,WAMR168157
Agamidae_Diporiphora_bilineata_NMVD72632,361,36,4798,5195,Agamidae_Diporiphora_bilineata_NMVD72632.fasta,SqCL,AusARG_Agamidae,Squamata,Iguania,Agamidae,Amphibolurinae,Diporiphora,bilineata,NMVD72632
Agamidae_Diporiphora_bilineata_NMVD74266,358,30,4679,5067,Agamidae_Diporiphora_bilineata_NMVD74266.fasta,SqCL,AusARG_Agamidae,Squamata,Iguania,Agamidae,Amphibolurinae,Diporiphora,bilineata,NMVD74266
Agamidae_Diporiphora_carpentariaensis_NMVD74068,363,34,4718,5115,Agamidae_Diporiphora_carpentariaensis_NMVD74068.fasta,SqCL,AusARG_Agamidae,Squamata,Iguania,Agamidae,Amphibolurinae,Diporiphora,carpentariaensis,NMVD74068
Agamidae_Diporiphora_carpentariaensis_NMVD74079,362,35,4776,5173,Agamidae_Diporiphora_carpentariaensis_NMVD74079.fasta,SqCL,AusARG_Agamidae,Squamata,Iguania,Agamidae,Amphibolurinae,Diporiphora,carpentariaensis,NMVD74079
Agamidae_Diporiphora_gracilis_ANU_CCM2868,364,32,4747,5143,Agamidae_Diporiphora_gracilis_ANU_CCM2868.fasta,SqCL,AusARG_Agamidae,Squamata,Iguania,Agamidae,Amphibolurinae,Diporiphora,gracilis,ANU
Agamidae_Diporiphora_gracilis_NMVD74328,360,34,4764,5158,Agamidae_Diporiphora_gracilis_NMVD74328.fasta,SqCL,AusARG_Agamidae,Squamata,Iguania,Agamidae,Amphibolurinae,Diporiphora,gracilis,NMVD74328
Agamidae_Diporiphora_granulifera_ANU_CCM0326,363,34,4779,5176,Agamidae_Diporiphora_granulifera_ANU_CCM0326.fasta,SqCL,AusARG_Agamidae,Squamata,Iguania,Agamidae,Amphibolurinae,Diporiphora,granulifera,ANU
Agamidae_Diporiphora_granulifera_NMVD74047,362,33,4749,5144,Agamidae_Diporiphora_granulifera_NMVD74047.fasta,SqCL,AusARG_Agamidae,Squamata,Iguania,Agamidae,Amphibolurinae,Diporiphora,granulifera,NMVD74047
Agamidae_Diporiphora_jugularis_NMVD74101,338,28,4440,4806,Agamidae_Diporiphora_jugularis_NMVD74101.fasta,SqCL,AusARG_Agamidae,Squamata,Iguania,Agamidae,Amphibolurinae,Diporiphora,jugularis,NMVD74101
Agamidae_Diporiphora_jugularis_QMJ95583,360,35,4757,5152,Agamidae_Diporiphora_jugularis_QMJ95583.fasta,SqCL,AusARG_Agamidae,Squamata,Iguania,Agamidae,Amphibolurinae,Diporiphora,jugularis,QMJ95583
Agamidae_Diporiphora_lalliae_NMVD72718,352,34,4724,5110,Agamidae_Diporiphora_lalliae_NMVD72718.fasta,SqCL,AusARG_Agamidae,Squamata,Iguania,Agamidae,Amphibolurinae,Diporiphora,lalliae,NMVD72718
Agamidae_Diporiphora_lalliae_NMVD73907,359,32,4756,5147,Agamidae_Diporiphora_lalliae_NMVD73907.fasta,SqCL,AusARG_Agamidae,Squamata,Iguania,Agamidae,Amphibolurinae,Diporiphora,lalliae,NMVD73907
Agamidae_Diporiphora_lalliae_UMMZ242571,360,34,4779,5173,Agamidae_Diporiphora_lalliae_UMMZ242571.fasta,SqCL,Title & Singhal et al. (2024),Squamata,Iguania,Agamidae,Amphibolurinae,Diporiphora,lalliae,UMMZ242571
Agamidae_Diporiphora_linga_NMVZ53103,344,29,4476,4849,Agamidae_Diporiphora_linga_NMVZ53103.fasta,SqCL,AusARG_Agamidae,Squamata,Iguania,Agamidae,Amphibolurinae,Diporiphora,linga,NMVZ53103
Agamidae_Diporiphora_linga_NMVZ53196,364,34,4729,5127,Agamidae_Diporiphora_linga_NMVZ53196.fasta,SqCL,AusARG_Agamidae,Squamata,Iguania,Agamidae,Amphibolurinae,Diporiphora,linga,NMVZ53196
Agamidae_Diporiphora_linga_WAMR145923,356,36,4489,4881,Agamidae_Diporiphora_linga_WAMR145923.fasta,SqCL,AusARG_Agamidae,Squamata,Iguania,Agamidae,Amphibolurinae,Diporiphora,linga,WAMR145923
Agamidae_Diporiphora_linga_WAMR145924,365,35,4747,5147,Agamidae_Diporiphora_linga_WAMR145924.fasta,SqCL,AusARG_Agamidae,Squamata,Iguania,Agamidae,Amphibolurinae,Diporiphora,linga,WAMR145924
Agamidae_Diporiphora_magna_ANU_CCM2852,361,34,4734,5129,Agamidae_Diporiphora_magna_ANU_CCM2852.fasta,SqCL,AusARG_Agamidae,Squamata,Iguania,Agamidae,Amphibolurinae,Diporiphora,magna,ANU
Agamidae_Diporiphora_magna_MAGNT_R37408,358,32,4610,5000,Agamidae_Diporiphora_magna_MAGNT_R37408.fasta,SqCL,AusARG_Agamidae,Squamata,Iguania,Agamidae,Amphibolurinae,Diporiphora,magna,MAGNT
Agamidae_Diporiphora_magna_SAMAR10135,360,35,4780,5175,Agamidae_Diporiphora_magna_SAMAR10135.fasta,SqCL,AusARG_Agamidae,Squamata,Iguania,Agamidae,Amphibolurinae,Diporiphora,magna,SAMAR10135
Agamidae_Diporiphora_margaretae_NMVD73834,360,35,4744,5139,Agamidae_Diporiphora_margaretae_NMVD73834.fasta,SqCL,AusARG_Agamidae,Squamata,Iguania,Agamidae,Amphibolurinae,Diporiphora,margaretae,NMVD73834
Agamidae_Diporiphora_margaretae_NMVD73849,358,34,4748,5140,Agamidae_Diporiphora_margaretae_NMVD73849.fasta,SqCL,AusARG_Agamidae,Squamata,Iguania,Agamidae,Amphibolurinae,Diporiphora,margaretae,NMVD73849
Agamidae_Diporiphora_nobbi_NMVD71319,363,36,4718,5117,Agamidae_Diporiphora_nobbi_NMVD71319.fasta,SqCL,AusARG_Agamidae,Squamata,Iguania,Agamidae,Amphibolurinae,Diporiphora,nobbi,NMVD71319
Agamidae_Diporiphora_pallida_WAMR177292,358,34,4760,5152,Agamidae_Diporiphora_pallida_WAMR177292.fasta,SqCL,AusARG_Agamidae,Squamata,Iguania,Agamidae,Amphibolurinae,Diporiphora,pallida,WAMR177292
Agamidae_Diporiphora_paraconvergens_WAMR102709,360,34,4708,5102,Agamidae_Diporiphora_paraconvergens_WAMR102709.fasta,SqCL,AusARG_Agamidae,Squamata,Iguania,Agamidae,Amphibolurinae,Diporiphora,paraconvergens,WAMR102709
Agamidae_Diporiphora_paraconvergens_WAMR131073,361,35,4758,5154,Agamidae_Diporiphora_paraconvergens_WAMR131073.fasta,SqCL,AusARG_Agamidae,Squamata,Iguania,Agamidae,Amphibolurinae,Diporiphora,paraconvergens,WAMR131073
Agamidae_Diporiphora_paraconvergens_WAMR145070,360,36,4752,5148,Agamidae_Diporiphora_paraconvergens_WAMR145070.fasta,SqCL,AusARG_Agamidae,Squamata,Iguania,Agamidae,Amphibolurinae,Diporiphora,paraconvergens,WAMR145070
Agamidae_Diporiphora_paraconvergens_WAMR145457,363,35,4754,5152,Agamidae_Diporiphora_paraconvergens_WAMR145457.fasta,SqCL,AusARG_Agamidae,Squamata,Iguania,Agamidae,Amphibolurinae,Diporiphora,paraconvergens,WAMR145457
Agamidae_Diporiphora_paraconvergens_WAMR157943,360,35,4800,5195,Agamidae_Diporiphora_paraconvergens_WAMR157943.fasta,SqCL,AusARG_Agamidae,Squamata,Iguania,Agamidae,Amphibolurinae,Diporiphora,paraconvergens,WAMR157943
Agamidae_Diporiphora_paraconvergens_WAMR163948,357,32,4723,5112,Agamidae_Diporiphora_paraconvergens_WAMR163948.fasta,SqCL,AusARG_Agamidae,Squamata,Iguania,Agamidae,Amphibolurinae,Diporiphora,paraconvergens,WAMR163948
Agamidae_Diporiphora_perplexa_ANU_CCM1558,363,34,4782,5179,Agamidae_Diporiphora_perplexa_ANU_CCM1558.fasta,SqCL,AusARG_Agamidae,Squamata,Iguania,Agamidae,Amphibolurinae,Diporiphora,perplexa,ANU
Agamidae_Diporiphora_perplexa_ANWC_R10066,358,33,4694,5085,Agamidae_Diporiphora_perplexa_ANWC_R10066.fasta,SqCL,AusARG_Agamidae,Squamata,Iguania,Agamidae,Amphibolurinae,Diporiphora,perplexa,ANWC
Agamidae_Diporiphora_perplexa_NMVD73803,336,29,2227,2592,Agamidae_Diporiphora_perplexa_NMVD73803.fasta,SqCL,AusARG_Agamidae,Squamata,Iguania,Agamidae,Amphibolurinae,Diporiphora,perplexa,NMVD73803
Agamidae_Diporiphora_perplexa_NMVD73978,362,35,4747,5144,Agamidae_Diporiphora_perplexa_NMVD73978.fasta,SqCL,AusARG_Agamidae,Squamata,Iguania,Agamidae,Amphibolurinae,Diporiphora,perplexa,NMVD73978
Agamidae_Diporiphora_phaeospinosa_AMSR.151842,203,11,560,774,Agamidae_Diporiphora_phaeospinosa_AMSR.151842.fasta,SqCL,AusARG_Agamidae,Squamata,Iguania,Agamidae,Amphibolurinae,Diporiphora,phaeospinosa,AMSR.151842
Agamidae_Diporiphora_phaeospinosa_NMVD74128,336,27,2443,2806,Agamidae_Diporiphora_phaeospinosa_NMVD74128.fasta,SqCL,AusARG_Agamidae,Squamata,Iguania,Agamidae,Amphibolurinae,Diporiphora,phaeospinosa,NMVD74128
Agamidae_Diporiphora_pindan_NMVD74316,360,35,4784,5179,Agamidae_Diporiphora_pindan_NMVD74316.fasta,SqCL,AusARG_Agamidae,Squamata,Iguania,Agamidae,Amphibolurinae,Diporiphora,pindan,NMVD74316
Agamidae_Diporiphora_pindan_NMVD74348,357,35,4806,5198,Agamidae_Diporiphora_pindan_NMVD74348.fasta,SqCL,AusARG_Agamidae,Squamata,Iguania,Agamidae,Amphibolurinae,Diporiphora,pindan,NMVD74348
Agamidae_Diporiphora_reginae_NMVZ53285,351,31,4617,4999,Agamidae_Diporiphora_reginae_NMVZ53285.fasta,SqCL,AusARG_Agamidae,Squamata,Iguania,Agamidae,Amphibolurinae,Diporiphora,reginae,NMVZ53285
Agamidae_Diporiphora_reginae_WAMR112653,356,36,4752,5144,Agamidae_Diporiphora_reginae_WAMR112653.fasta,SqCL,AusARG_Agamidae,Squamata,Iguania,Agamidae,Amphibolurinae,Diporiphora,reginae,WAMR112653
Agamidae_Diporiphora_sobria_NMVD72706,350,33,4290,4673,Agamidae_Diporiphora_sobria_NMVD72706.fasta,SqCL,AusARG_Agamidae,Squamata,Iguania,Agamidae,Amphibolurinae,Diporiphora,sobria,NMVD72706
Agamidae_Diporiphora_sobria_NMVD73985,362,34,4735,5131,Agamidae_Diporiphora_sobria_NMVD73985.fasta,SqCL,AusARG_Agamidae,Squamata,Iguania,Agamidae,Amphibolurinae,Diporiphora,sobria,NMVD73985
Agamidae_Diporiphora_sobria_NMVD74297,360,34,4514,4908,Agamidae_Diporiphora_sobria_NMVD74297.fasta,SqCL,AusARG_Agamidae,Squamata,Iguania,Agamidae,Amphibolurinae,Diporiphora,sobria,NMVD74297
Agamidae_Diporiphora_sobria_NMVD74297_2,344,29,3917,4290,Agamidae_Diporiphora_sobria_NMVD74297_2.fasta,SqCL,AusARG_Agamidae,Squamata,Iguania,Agamidae,Amphibolurinae,Diporiphora,sobria,NMVD74297
Agamidae_Diporiphora_superba_NMVD73871,302,21,1448,1771,Agamidae_Diporiphora_superba_NMVD73871.fasta,SqCL,AusARG_Agamidae,Squamata,Iguania,Agamidae,Amphibolurinae,Diporiphora,superba,NMVD73871
Agamidae_Diporiphora_superba_NMVZ19163,206,11,447,664,Agamidae_Diporiphora_superba_NMVZ19163.fasta,SqCL,AusARG_Agamidae,Squamata,Iguania,Agamidae,Amphibolurinae,Diporiphora,superba,NMVZ19163
Agamidae_Diporiphora_valens_NMVD74365,359,35,4767,5161,Agamidae_Diporiphora_valens_NMVD74365.fasta,SqCL,AusARG_Agamidae,Squamata,Iguania,Agamidae,Amphibolurinae,Diporiphora,valens,NMVD74365
Agamidae_Diporiphora_valens_NMVD74375,357,32,4704,5093,Agamidae_Diporiphora_valens_NMVD74375.fasta,SqCL,AusARG_Agamidae,Squamata,Iguania,Agamidae,Amphibolurinae,Diporiphora,valens,NMVD74375
Agamidae_Diporiphora_vescus_NMVZ54459,347,30,4543,4920,Agamidae_Diporiphora_vescus_NMVZ54459.fasta,SqCL,AusARG_Agamidae,Squamata,Iguania,Agamidae,Amphibolurinae,Diporiphora,vescus,NMVZ54459
Agamidae_Diporiphora_vescus_WAMR100763,355,34,4466,4855,Agamidae_Diporiphora_vescus_WAMR100763.fasta,SqCL,AusARG_Agamidae,Squamata,Iguania,Agamidae,Amphibolurinae,Diporiphora,vescus,WAMR100763
Agamidae_Diporiphora_winneckei_CUMV14268,362,33,4816,5211,Agamidae_Diporiphora_winneckei_CUMV14268.fasta,SqCL,Title & Singhal et al. (2024),Squamata,Iguania,Agamidae,Amphibolurinae,Diporiphora,winneckei,CUMV14268
Agamidae_Diporiphora_winneckei_NMVD72750,362,34,4704,5100,Agamidae_Diporiphora_winneckei_NMVD72750.fasta,SqCL,AusARG_Agamidae,Squamata,Iguania,Agamidae,Amphibolurinae,Diporiphora,winneckei,NMVD72750
Agamidae_Diporiphora_winneckei_QMJ88273,362,35,4783,5180,Agamidae_Diporiphora_winneckei_QMJ88273.fasta,SqCL,AusARG_Agamidae,Squamata,Iguania,Agamidae,Amphibolurinae,Diporiphora,winneckei,QMJ88273
Agamidae_Gowidon_longirostris_NMVD72733,354,28,4391,4773,Agamidae_Gowidon_longirostris_NMVD72733.fasta,SqCL,AusARG_Agamidae,Squamata,Iguania,Agamidae,Amphibolurinae,Gowidon,longirostris,NMVD72733
Agamidae_Gowidon_longirostris_NMVD74368,361,36,4789,5186,Agamidae_Gowidon_longirostris_NMVD74368.fasta,SqCL,AusARG_Agamidae,Squamata,Iguania,Agamidae,Amphibolurinae,Gowidon,longirostris,NMVD74368
Agamidae_Gowidon_longirostris_NMVD74390,335,30,4315,4680,Agamidae_Gowidon_longirostris_NMVD74390.fasta,SqCL,AusARG_Agamidae,Squamata,Iguania,Agamidae,Amphibolurinae,Gowidon,longirostris,NMVD74390
Agamidae_Gowidon_longirostris_UMFS20601,368,35,4814,5217,Agamidae_Gowidon_longirostris_UMFS20601.fasta,SqCL,Title & Singhal et al. (2024),Squamata,Iguania,Agamidae,Amphibolurinae,Gowidon,longirostris,UMFS20601
Agamidae_Gowidon_longirostris_WAMR110768,360,35,4759,5154,Agamidae_Gowidon_longirostris_WAMR110768.fasta,SqCL,AusARG_Agamidae,Squamata,Iguania,Agamidae,Amphibolurinae,Gowidon,longirostris,WAMR110768
Agamidae_Hypsilurus_auritus_ABTC90139,370,33,4804,5207,Agamidae_Hypsilurus_auritus_ABTC90139.fasta,SqCL,Title & Singhal et al. (2024),Squamata,Iguania,Agamidae,Amphibolurinae,Hypsilurus,auritus,ABTC90139
Agamidae_Hypsilurus_magnus_ABTC128837,363,35,4765,5163,Agamidae_Hypsilurus_magnus_ABTC128837.fasta,SqCL,AusARG_Agamidae,Squamata,Iguania,Agamidae,Amphibolurinae,Hypsilurus,magnus,ABTC128837
Agamidae_Hypsilurus_magnus_AMSR122474,367,35,4859,5261,Agamidae_Hypsilurus_magnus_AMSR122474.fasta,SqCL,Singhal et al. 2021,Squamata,Iguania,Agamidae,Amphibolurinae,Hypsilurus,magnus,AMSR122474
Agamidae_Hypsilurus_magnus_NMV_SJR13154,361,36,4776,5173,Agamidae_Hypsilurus_magnus_NMV_SJR13154.fasta,SqCL,AusARG_Agamidae,Squamata,Iguania,Agamidae,Amphibolurinae,Hypsilurus,magnus,NMV
Agamidae_Hypsilurus_magnus_NMV_SJR13154_2,366,35,4790,5191,Agamidae_Hypsilurus_magnus_NMV_SJR13154_2.fasta,SqCL,AusARG_Agamidae,Squamata,Iguania,Agamidae,Amphibolurinae,Hypsilurus,magnus,NMV
Agamidae_Hypsilurus_modestus_AMSR122434,367,34,4588,4989,Agamidae_Hypsilurus_modestus_AMSR122434.fasta,SqCL,Title & Singhal et al. (2024),Squamata,Iguania,Agamidae,Amphibolurinae,Hypsilurus,modestus,AMSR122434
Agamidae_Hypsilurus_modestus_NMV_SJR14710,349,29,4386,4764,Agamidae_Hypsilurus_modestus_NMV_SJR14710.fasta,SqCL,AusARG_Agamidae,Squamata,Iguania,Agamidae,Amphibolurinae,Hypsilurus,modestus,NMV
Agamidae_Hypsilurus_modestus_NMV_SJR14751,367,34,4761,5162,Agamidae_Hypsilurus_modestus_NMV_SJR14751.fasta,SqCL,AusARG_Agamidae,Squamata,Iguania,Agamidae,Amphibolurinae,Hypsilurus,modestus,NMV
Agamidae_Hypsilurus_schoedei_ABTC136665,365,34,4825,5224,Agamidae_Hypsilurus_schoedei_ABTC136665.fasta,SqCL,Title & Singhal et al. (2024),Squamata,Iguania,Agamidae,Amphibolurinae,Hypsilurus,schoedei,ABTC136665
Agamidae_Intellagama_lesueurii_ABTC32057,373,34,4863,5270,Agamidae_Intellagama_lesueurii_ABTC32057.fasta,SqCL,Title & Singhal et al. (2024),Squamata,Iguania,Agamidae,Amphibolurinae,Intellagama,lesueurii,ABTC32057
Agamidae_Intellagama_lesueurii_NMVD75727,361,34,4747,5142,Agamidae_Intellagama_lesueurii_NMVD75727.fasta,SqCL,AusARG_Agamidae,Squamata,Iguania,Agamidae,Amphibolurinae,Intellagama,lesueurii,NMVD75727
Agamidae_Intellagama_lesueurii_NMVD76213,336,26,4146,4508,Agamidae_Intellagama_lesueurii_NMVD76213.fasta,SqCL,AusARG_Agamidae,Squamata,Iguania,Agamidae,Amphibolurinae,Intellagama,lesueurii,NMVD76213
Agamidae_Intellagama_lesueurii_SAMAR55588,352,33,4499,4884,Agamidae_Intellagama_lesueurii_SAMAR55588.fasta,SqCL,AusARG_Agamidae,Squamata,Iguania,Agamidae,Amphibolurinae,Intellagama,lesueurii,SAMAR55588
Agamidae_Intellagama_lesueurii_WAMR33417,341,28,4237,4606,Agamidae_Intellagama_lesueurii_WAMR33417.fasta,SqCL,AusARG_Agamidae,Squamata,Iguania,Agamidae,Amphibolurinae,Intellagama,lesueurii,WAMR33417
Agamidae_Lophognathus_gilberti_CCM6449,369,36,4832,5237,Agamidae_Lophognathus_gilberti_CCM6449.fasta,SqCL,Title & Singhal et al. (2024),Squamata,Iguania,Agamidae,Amphibolurinae,Lophognathus,gilberti,CCM6449
Agamidae_Lophognathus_horneri_NMVD72652,361,35,4697,5093,Agamidae_Lophognathus_horneri_NMVD72652.fasta,SqCL,AusARG_Agamidae,Squamata,Iguania,Agamidae,Amphibolurinae,Lophognathus,horneri,NMVD72652
Agamidae_Lophognathus_horneri_WAMR132850,363,34,4749,5146,Agamidae_Lophognathus_horneri_WAMR132850.fasta,SqCL,AusARG_Agamidae,Squamata,Iguania,Agamidae,Amphibolurinae,Lophognathus,horneri,WAMR132850
Agamidae_Lophognathus_horneri_WAMR139481,365,35,4746,5146,Agamidae_Lophognathus_horneri_WAMR139481.fasta,SqCL,AusARG_Agamidae,Squamata,Iguania,Agamidae,Amphibolurinae,Lophognathus,horneri,WAMR139481
Agamidae_Lophosaurus_boydii_QMJ60630,368,33,4461,4862,Agamidae_Lophosaurus_boydii_QMJ60630.fasta,SqCL,Title & Singhal et al. (2024),Squamata,Iguania,Agamidae,Amphibolurinae,Lophosaurus,boydii,QMJ60630
Agamidae_Lophosaurus_boydii_QMJ60641,364,35,4766,5165,Agamidae_Lophosaurus_boydii_QMJ60641.fasta,SqCL,AusARG_Agamidae,Squamata,Iguania,Agamidae,Amphibolurinae,Lophosaurus,boydii,QMJ60641
Agamidae_Lophosaurus_boydii_SAMAR55835,364,35,4772,5171,Agamidae_Lophosaurus_boydii_SAMAR55835.fasta,SqCL,AusARG_Agamidae,Squamata,Iguania,Agamidae,Amphibolurinae,Lophosaurus,boydii,SAMAR55835
Agamidae_Lophosaurus_dilophus_AMSR122449,369,34,4772,5175,Agamidae_Lophosaurus_dilophus_AMSR122449.fasta,SqCL,Title & Singhal et al. (2024),Squamata,Iguania,Agamidae,Amphibolurinae,Lophosaurus,dilophus,AMSR122449
Agamidae_Lophosaurus_diolophis_ABTC114684,322,25,3845,4192,Agamidae_Lophosaurus_diolophis_ABTC114684.fasta,SqCL,AusARG_Agamidae,Squamata,Iguania,Agamidae,Amphibolurinae,Lophosaurus,diolophis,ABTC114684
Agamidae_Lophosaurus_diolophis_ABTC50280,365,35,4755,5155,Agamidae_Lophosaurus_diolophis_ABTC50280.fasta,SqCL,AusARG_Agamidae,Squamata,Iguania,Agamidae,Amphibolurinae,Lophosaurus,diolophis,ABTC50280
Agamidae_Lophosaurus_diolophis_ABTC90265,363,36,4761,5160,Agamidae_Lophosaurus_diolophis_ABTC90265.fasta,SqCL,AusARG_Agamidae,Squamata,Iguania,Agamidae,Amphibolurinae,Lophosaurus,diolophis,ABTC90265
Agamidae_Lophosaurus_diolophis_ABTC98703,364,36,4741,5141,Agamidae_Lophosaurus_diolophis_ABTC98703.fasta,SqCL,AusARG_Agamidae,Squamata,Iguania,Agamidae,Amphibolurinae,Lophosaurus,diolophis,ABTC98703
Agamidae_Lophosaurus_diolophis_NMV_SJR13153,365,35,4767,5167,Agamidae_Lophosaurus_diolophis_NMV_SJR13153.fasta,SqCL,AusARG_Agamidae,Squamata,Iguania,Agamidae,Amphibolurinae,Lophosaurus,diolophis,NMV
Agamidae_Lophosaurus_spinipes_ABTC100198,363,36,4770,5169,Agamidae_Lophosaurus_spinipes_ABTC100198.fasta,SqCL,AusARG_Agamidae,Squamata,Iguania,Agamidae,Amphibolurinae,Lophosaurus,spinipes,ABTC100198
Agamidae_Lophosaurus_spinipes_AMSR130058,368,33,4497,4898,Agamidae_Lophosaurus_spinipes_AMSR130058.fasta,SqCL,Title & Singhal et al. (2024),Squamata,Iguania,Agamidae,Amphibolurinae,Lophosaurus,spinipes,AMSR130058
Agamidae_Lophosaurus_spinipes_SAMAR37801,361,35,4753,5149,Agamidae_Lophosaurus_spinipes_SAMAR37801.fasta,SqCL,AusARG_Agamidae,Squamata,Iguania,Agamidae,Amphibolurinae,Lophosaurus,spinipes,SAMAR37801
Agamidae_Moloch_horridus_NMVZ11011,186,8,1488,1682,Agamidae_Moloch_horridus_NMVZ11011.fasta,SqCL,AusARG_Agamidae,Squamata,Iguania,Agamidae,Amphibolurinae,Moloch,horridus,NMVZ11011
Agamidae_Moloch_horridus_NMVZ54529,297,20,3470,3787,Agamidae_Moloch_horridus_NMVZ54529.fasta,SqCL,AusARG_Agamidae,Squamata,Iguania,Agamidae,Amphibolurinae,Moloch,horridus,NMVZ54529
Agamidae_Moloch_horridus_UMMZ244221,336,26,4678,5040,Agamidae_Moloch_horridus_UMMZ244221.fasta,SqCL,Title & Singhal et al. (2024),Squamata,Iguania,Agamidae,Amphibolurinae,Moloch,horridus,UMMZ244221
Agamidae_Physignathus_coccincinus_ABTC82049,365,36,4741,5142,Agamidae_Physignathus_coccincinus_ABTC82049.fasta,SqCL,AusARG_Agamidae,Squamata,Iguania,Agamidae,Amphibolurinae,Physignathus,coccincinus,ABTC82049
Agamidae_Physignathus_coccincinus_SAMAR54798,118,3,1067,1188,Agamidae_Physignathus_coccincinus_SAMAR54798.fasta,SqCL,AusARG_Agamidae,Squamata,Iguania,Agamidae,Amphibolurinae,Physignathus,coccincinus,SAMAR54798
Agamidae_Physignathus_cocincinus_CTMZ04041,337,0,1,338,Agamidae_Physignathus_cocincinus_CTMZ04041.fasta,AHE,Burbrink et al. 2021 (AHE_T212),Squamata,Iguania,Agamidae,Amphibolurinae,Physignathus,cocincinus,CTMZ04041
Agamidae_Physignathus_cocincinus_MVZ226496,371,34,4799,5204,Agamidae_Physignathus_cocincinus_MVZ226496.fasta,SqCL,Title & Singhal et al. (2024),Squamata,Iguania,Agamidae,Amphibolurinae,Physignathus,cocincinus,MVZ226496
Agamidae_Pogona_barbata_AMSR.148400,360,36,4722,5118,Agamidae_Pogona_barbata_AMSR.148400.fasta,SqCL,AusARG_Agamidae,Squamata,Iguania,Agamidae,Amphibolurinae,Pogona,barbata,AMSR.148400
Agamidae_Pogona_henrylawsoni_QMJ63887,360,36,4725,5121,Agamidae_Pogona_henrylawsoni_QMJ63887.fasta,SqCL,AusARG_Agamidae,Squamata,Iguania,Agamidae,Amphibolurinae,Pogona,henrylawsoni,QMJ63887
Agamidae_Pogona_henrylawsoni_QMJ84036,338,30,4319,4687,Agamidae_Pogona_henrylawsoni_QMJ84036.fasta,SqCL,AusARG_Agamidae,Squamata,Iguania,Agamidae,Amphibolurinae,Pogona,henrylawsoni,QMJ84036
Agamidae_Pogona_microlepidota_NMVD73864,361,36,4783,5180,Agamidae_Pogona_microlepidota_NMVD73864.fasta,SqCL,AusARG_Agamidae,Squamata,Iguania,Agamidae,Amphibolurinae,Pogona,microlepidota,NMVD73864
Agamidae_Pogona_microlepidota_WAMR174031,275,15,3199,3489,Agamidae_Pogona_microlepidota_WAMR174031.fasta,SqCL,AusARG_Agamidae,Squamata,Iguania,Agamidae,Amphibolurinae,Pogona,microlepidota,WAMR174031
Agamidae_Pogona_minor.minima_WAMR112792,363,35,4783,5181,Agamidae_Pogona_minor.minima_WAMR112792.fasta,SqCL,AusARG_Agamidae,Squamata,Iguania,Agamidae,Amphibolurinae,Pogona,minor.minima,WAMR112792
Agamidae_Pogona_minor.minima_WAMR112800,352,32,4638,5022,Agamidae_Pogona_minor.minima_WAMR112800.fasta,SqCL,AusARG_Agamidae,Squamata,Iguania,Agamidae,Amphibolurinae,Pogona,minor.minima,WAMR112800
Agamidae_Pogona_minor.minor_UMMZ244225,294,17,4387,4698,Agamidae_Pogona_minor.minor_UMMZ244225.fasta,SqCL,Title & Singhal et al. (2024),Squamata,Iguania,Agamidae,Amphibolurinae,Pogona,minor.minor,UMMZ244225
Agamidae_Pogona_minor.minor_WAMR131084,363,36,4804,5203,Agamidae_Pogona_minor.minor_WAMR131084.fasta,SqCL,AusARG_Agamidae,Squamata,Iguania,Agamidae,Amphibolurinae,Pogona,minor.minor,WAMR131084
Agamidae_Pogona_minor.minor_WAMR145276,364,33,4730,5127,Agamidae_Pogona_minor.minor_WAMR145276.fasta,SqCL,AusARG_Agamidae,Squamata,Iguania,Agamidae,Amphibolurinae,Pogona,minor.minor,WAMR145276
Agamidae_Pogona_minor.mitchelli_WAMR113000,370,35,4776,5181,Agamidae_Pogona_minor.mitchelli_WAMR113000.fasta,SqCL,AusARG_Agamidae,Squamata,Iguania,Agamidae,Amphibolurinae,Pogona,minor.mitchelli,WAMR113000
Agamidae_Pogona_minor.mitchelli_WAMR154527,363,36,4773,5172,Agamidae_Pogona_minor.mitchelli_WAMR154527.fasta,SqCL,AusARG_Agamidae,Squamata,Iguania,Agamidae,Amphibolurinae,Pogona,minor.mitchelli,WAMR154527
Agamidae_Pogona_nullarbor_SAMAR63054,356,35,4715,5106,Agamidae_Pogona_nullarbor_SAMAR63054.fasta,SqCL,AusARG_Agamidae,Squamata,Iguania,Agamidae,Amphibolurinae,Pogona,nullarbor,SAMAR63054
Agamidae_Pogona_nullarbor_WAMR91832,364,35,4741,5140,Agamidae_Pogona_nullarbor_WAMR91832.fasta,SqCL,AusARG_Agamidae,Squamata,Iguania,Agamidae,Amphibolurinae,Pogona,nullarbor,WAMR91832
Agamidae_Pogona_vitticeps_AMSR.151036,360,36,4755,5151,Agamidae_Pogona_vitticeps_AMSR.151036.fasta,SqCL,AusARG_Agamidae,Squamata,Iguania,Agamidae,Amphibolurinae,Pogona,vitticeps,AMSR.151036
Agamidae_Pogona_vitticeps_CTMZ04051,358,0,2,360,Agamidae_Pogona_vitticeps_CTMZ04051.fasta,AHE,Burbrink et al. 2021 (AHE_T212),Squamata,Iguania,Agamidae,Amphibolurinae,Pogona,vitticeps,CTMZ04051
Agamidae_Pogona_vitticeps_NMVD71349,365,36,4781,5182,Agamidae_Pogona_vitticeps_NMVD71349.fasta,SqCL,AusARG_Agamidae,Squamata,Iguania,Agamidae,Amphibolurinae,Pogona,vitticeps,NMVD71349
Agamidae_Pogona_vitticeps_SAMEA2300447,388,41,4999,5428,Agamidae_Pogona_vitticeps_SAMEA2300447.fasta,SqCL,NCBI,Squamata,Iguania,Agamidae,Amphibolurinae,Pogona,vitticeps,SAMEA2300447
Agamidae_Pogona_vitticeps_SAMEA2300447,388,41,4999,5428,Agamidae_Pogona_vitticeps_SAMEA2300447.fasta,SqCL,NCBI,Squamata,Iguania,Agamidae,Amphibolurinae,Pogona,vitticeps,SAMEA2300447
Agamidae_Rankinia_diemensis_AMSR.149569,358,33,4706,5097,Agamidae_Rankinia_diemensis_AMSR.149569.fasta,SqCL,AusARG_Agamidae,Squamata,Iguania,Agamidae,Amphibolurinae,Rankinia,diemensis,AMSR.149569
Agamidae_Rankinia_diemensis_AMSR.151560,362,36,4718,5116,Agamidae_Rankinia_diemensis_AMSR.151560.fasta,SqCL,AusARG_Agamidae,Squamata,Iguania,Agamidae,Amphibolurinae,Rankinia,diemensis,AMSR.151560
Agamidae_Rankinia_diemensis_NMVD71910,363,35,4775,5173,Agamidae_Rankinia_diemensis_NMVD71910.fasta,SqCL,AusARG_Agamidae,Squamata,Iguania,Agamidae,Amphibolurinae,Rankinia,diemensis,NMVD71910
Agamidae_Rankinia_diemensis_NMVD74157,360,35,4739,5134,Agamidae_Rankinia_diemensis_NMVD74157.fasta,SqCL,AusARG_Agamidae,Squamata,Iguania,Agamidae,Amphibolurinae,Rankinia,diemensis,NMVD74157
Agamidae_Rankinia_diemensis_NMVD74165,363,34,4796,5193,Agamidae_Rankinia_diemensis_NMVD74165.fasta,SqCL,AusARG_Agamidae,Squamata,Iguania,Agamidae,Amphibolurinae,Rankinia,diemensis,NMVD74165
Agamidae_Rankinia_diemensis_UTAS_7C,364,34,4710,5108,Agamidae_Rankinia_diemensis_UTAS_7C.fasta,SqCL,AusARG_Agamidae,Squamata,Iguania,Agamidae,Amphibolurinae,Rankinia,diemensis,UTAS
Agamidae_Tropicagama_temporalis_AMSR.121164,144,5,674,823,Agamidae_Tropicagama_temporalis_AMSR.121164.fasta,SqCL,AusARG_Agamidae,Squamata,Iguania,Agamidae,Amphibolurinae,Tropicagama,temporalis,AMSR.121164
Agamidae_Tropicagama_temporalis_WAMR112261,367,35,4778,5180,Agamidae_Tropicagama_temporalis_WAMR112261.fasta,SqCL,AusARG_Agamidae,Squamata,Iguania,Agamidae,Amphibolurinae,Tropicagama,temporalis,WAMR112261
Agamidae_Tympanocryptis_argillosa_SAMAR49360,360,35,4464,4859,Agamidae_Tympanocryptis_argillosa_SAMAR49360.fasta,SqCL,AusARG_Agamidae,Squamata,Iguania,Agamidae,Amphibolurinae,Tympanocryptis,argillosa,SAMAR49360
Agamidae_Tympanocryptis_argillosa_SAMAR54247,364,32,3961,4357,Agamidae_Tympanocryptis_argillosa_SAMAR54247.fasta,SqCL,AusARG_Agamidae,Squamata,Iguania,Agamidae,Amphibolurinae,Tympanocryptis,argillosa,SAMAR54247
Agamidae_Tympanocryptis_centralis_NMVZ75749,359,33,4749,5141,Agamidae_Tympanocryptis_centralis_NMVZ75749.fasta,SqCL,AusARG_Agamidae,Squamata,Iguania,Agamidae,Amphibolurinae,Tympanocryptis,centralis,NMVZ75749
Agamidae_Tympanocryptis_centralis_SAMAR46084,348,30,2648,3026,Agamidae_Tympanocryptis_centralis_SAMAR46084.fasta,SqCL,AusARG_Agamidae,Squamata,Iguania,Agamidae,Amphibolurinae,Tympanocryptis,centralis,SAMAR46084
Agamidae_Tympanocryptis_centralis_WAMR47369,360,33,3944,4337,Agamidae_Tympanocryptis_centralis_WAMR47369.fasta,SqCL,AusARG_Agamidae,Squamata,Iguania,Agamidae,Amphibolurinae,Tympanocryptis,centralis,WAMR47369
Agamidae_Tympanocryptis_centralis_WAMR50133,295,21,1221,1537,Agamidae_Tympanocryptis_centralis_WAMR50133.fasta,SqCL,AusARG_Agamidae,Squamata,Iguania,Agamidae,Amphibolurinae,Tympanocryptis,centralis,WAMR50133
Agamidae_Tympanocryptis_cephalus_NMVD74070,183,13,304,500,Agamidae_Tympanocryptis_cephalus_NMVD74070.fasta,SqCL,AusARG_Agamidae,Squamata,Iguania,Agamidae,Amphibolurinae,Tympanocryptis,cephalus,NMVD74070
Agamidae_Tympanocryptis_cephalus_WAMR161060,366,33,4751,5150,Agamidae_Tympanocryptis_cephalus_WAMR161060.fasta,SqCL,AusARG_Agamidae,Squamata,Iguania,Agamidae,Amphibolurinae,Tympanocryptis,cephalus,WAMR161060
Agamidae_Tympanocryptis_condaminensis_QMJ81871,359,34,4734,5127,Agamidae_Tympanocryptis_condaminensis_QMJ81871.fasta,SqCL,AusARG_Agamidae,Squamata,Iguania,Agamidae,Amphibolurinae,Tympanocryptis,condaminensis,QMJ81871
Agamidae_Tympanocryptis_condaminensis_QMJ82087,360,34,4714,5108,Agamidae_Tympanocryptis_condaminensis_QMJ82087.fasta,SqCL,AusARG_Agamidae,Squamata,Iguania,Agamidae,Amphibolurinae,Tympanocryptis,condaminensis,QMJ82087
Agamidae_Tympanocryptis_darlingensis_NMVD77147,359,34,4755,5148,Agamidae_Tympanocryptis_darlingensis_NMVD77147.fasta,SqCL,AusARG_Agamidae,Squamata,Iguania,Agamidae,Amphibolurinae,Tympanocryptis,darlingensis,NMVD77147
Agamidae_Tympanocryptis_darlingensis_NMVD77158,361,34,4779,5174,Agamidae_Tympanocryptis_darlingensis_NMVD77158.fasta,SqCL,AusARG_Agamidae,Squamata,Iguania,Agamidae,Amphibolurinae,Tympanocryptis,darlingensis,NMVD77158
Agamidae_Tympanocryptis_diabolicus_WAMR135412,367,35,4760,5162,Agamidae_Tympanocryptis_diabolicus_WAMR135412.fasta,SqCL,AusARG_Agamidae,Squamata,Iguania,Agamidae,Amphibolurinae,Tympanocryptis,diabolicus,WAMR135412
Agamidae_Tympanocryptis_diabolicus_WAMR135413,362,32,4770,5164,Agamidae_Tympanocryptis_diabolicus_WAMR135413.fasta,SqCL,AusARG_Agamidae,Squamata,Iguania,Agamidae,Amphibolurinae,Tympanocryptis,diabolicus,WAMR135413
Agamidae_Tympanocryptis_einasleighensis_NMVZ34075,360,34,4774,5168,Agamidae_Tympanocryptis_einasleighensis_NMVZ34075.fasta,SqCL,AusARG_Agamidae,Squamata,Iguania,Agamidae,Amphibolurinae,Tympanocryptis,einasleighensis,NMVZ34075
Agamidae_Tympanocryptis_einasleighensis_NMVZ34093,359,36,4690,5085,Agamidae_Tympanocryptis_einasleighensis_NMVZ34093.fasta,SqCL,AusARG_Agamidae,Squamata,Iguania,Agamidae,Amphibolurinae,Tympanocryptis,einasleighensis,NMVZ34093
Agamidae_Tympanocryptis_fictilis_SAMAR46178,361,36,4749,5146,Agamidae_Tympanocryptis_fictilis_SAMAR46178.fasta,SqCL,AusARG_Agamidae,Squamata,Iguania,Agamidae,Amphibolurinae,Tympanocryptis,fictilis,SAMAR46178
Agamidae_Tympanocryptis_fictilis_SAMAR58134,365,36,4729,5130,Agamidae_Tympanocryptis_fictilis_SAMAR58134.fasta,SqCL,AusARG_Agamidae,Squamata,Iguania,Agamidae,Amphibolurinae,Tympanocryptis,fictilis,SAMAR58134
Agamidae_Tympanocryptis_fortescuensis_WAMR110291,360,33,4760,5153,Agamidae_Tympanocryptis_fortescuensis_WAMR110291.fasta,SqCL,AusARG_Agamidae,Squamata,Iguania,Agamidae,Amphibolurinae,Tympanocryptis,fortescuensis,WAMR110291
Agamidae_Tympanocryptis_fortescuensis_WAMR158076,367,35,4781,5183,Agamidae_Tympanocryptis_fortescuensis_WAMR158076.fasta,SqCL,AusARG_Agamidae,Squamata,Iguania,Agamidae,Amphibolurinae,Tympanocryptis,fortescuensis,WAMR158076
Agamidae_Tympanocryptis_gigas_WAMR175943,359,32,4631,5022,Agamidae_Tympanocryptis_gigas_WAMR175943.fasta,SqCL,AusARG_Agamidae,Squamata,Iguania,Agamidae,Amphibolurinae,Tympanocryptis,gigas,WAMR175943
Agamidae_Tympanocryptis_hobsoni_NMVZ33994,361,35,4745,5141,Agamidae_Tympanocryptis_hobsoni_NMVZ33994.fasta,SqCL,AusARG_Agamidae,Squamata,Iguania,Agamidae,Amphibolurinae,Tympanocryptis,hobsoni,NMVZ33994
Agamidae_Tympanocryptis_hobsoni_NMVZ34020,359,35,4736,5130,Agamidae_Tympanocryptis_hobsoni_NMVZ34020.fasta,SqCL,AusARG_Agamidae,Squamata,Iguania,Agamidae,Amphibolurinae,Tympanocryptis,hobsoni,NMVZ34020
Agamidae_Tympanocryptis_houstoni_SAMAR61480,348,29,4333,4710,Agamidae_Tympanocryptis_houstoni_SAMAR61480.fasta,SqCL,AusARG_Agamidae,Squamata,Iguania,Agamidae,Amphibolurinae,Tympanocryptis,houstoni,SAMAR61480
Agamidae_Tympanocryptis_intima_SAMAR42854,360,35,4755,5150,Agamidae_Tympanocryptis_intima_SAMAR42854.fasta,SqCL,AusARG_Agamidae,Squamata,Iguania,Agamidae,Amphibolurinae,Tympanocryptis,intima,SAMAR42854
Agamidae_Tympanocryptis_intima_SAMAR44954,281,16,1086,1383,Agamidae_Tympanocryptis_intima_SAMAR44954.fasta,SqCL,AusARG_Agamidae,Squamata,Iguania,Agamidae,Amphibolurinae,Tympanocryptis,intima,SAMAR44954
Agamidae_Tympanocryptis_intima_SAMAR46815,231,14,690,935,Agamidae_Tympanocryptis_intima_SAMAR46815.fasta,SqCL,AusARG_Agamidae,Squamata,Iguania,Agamidae,Amphibolurinae,Tympanocryptis,intima,SAMAR46815
Agamidae_Tympanocryptis_lineata_NMVZ75948,360,35,4654,5049,Agamidae_Tympanocryptis_lineata_NMVZ75948.fasta,SqCL,AusARG_Agamidae,Squamata,Iguania,Agamidae,Amphibolurinae,Tympanocryptis,lineata,NMVZ75948
Agamidae_Tympanocryptis_lineata_NMVZ75960,366,34,4740,5140,Agamidae_Tympanocryptis_lineata_NMVZ75960.fasta,SqCL,AusARG_Agamidae,Squamata,Iguania,Agamidae,Amphibolurinae,Tympanocryptis,lineata,NMVZ75960
Agamidae_Tympanocryptis_lineata_SAMAR38823,371,33,4698,5102,Agamidae_Tympanocryptis_lineata_SAMAR38823.fasta,SqCL,Title & Singhal et al. (2024),Squamata,Iguania,Agamidae,Amphibolurinae,Tympanocryptis,lineata,SAMAR38823
Agamidae_Tympanocryptis_macra_NMVD72634,361,36,4740,5137,Agamidae_Tympanocryptis_macra_NMVD72634.fasta,SqCL,AusARG_Agamidae,Squamata,Iguania,Agamidae,Amphibolurinae,Tympanocryptis,macra,NMVD72634
Agamidae_Tympanocryptis_macra_NMVD72689,364,34,4717,5115,Agamidae_Tympanocryptis_macra_NMVD72689.fasta,SqCL,AusARG_Agamidae,Squamata,Iguania,Agamidae,Amphibolurinae,Tympanocryptis,macra,NMVD72689
Agamidae_Tympanocryptis_macra_NMVD73895,358,35,4704,5097,Agamidae_Tympanocryptis_macra_NMVD73895.fasta,SqCL,AusARG_Agamidae,Squamata,Iguania,Agamidae,Amphibolurinae,Tympanocryptis,macra,NMVD73895
Agamidae_Tympanocryptis_macra_NMVD73903,344,28,4541,4913,Agamidae_Tympanocryptis_macra_NMVD73903.fasta,SqCL,AusARG_Agamidae,Squamata,Iguania,Agamidae,Amphibolurinae,Tympanocryptis,macra,NMVD73903
Agamidae_Tympanocryptis_mccartneyi_AMSR.186297,339,31,4601,4971,Agamidae_Tympanocryptis_mccartneyi_AMSR.186297.fasta,SqCL,AusARG_Agamidae,Squamata,Iguania,Agamidae,Amphibolurinae,Tympanocryptis,mccartneyi,AMSR.186297
Agamidae_Tympanocryptis_pentalineata_NMVD74074,338,24,2884,3246,Agamidae_Tympanocryptis_pentalineata_NMVD74074.fasta,SqCL,AusARG_Agamidae,Squamata,Iguania,Agamidae,Amphibolurinae,Tympanocryptis,pentalineata,NMVD74074
Agamidae_Tympanocryptis_pentalineata_NMVD74075,230,16,572,818,Agamidae_Tympanocryptis_pentalineata_NMVD74075.fasta,SqCL,AusARG_Agamidae,Squamata,Iguania,Agamidae,Amphibolurinae,Tympanocryptis,pentalineata,NMVD74075
Agamidae_Tympanocryptis_petersi_NMVD74164,361,35,4747,5143,Agamidae_Tympanocryptis_petersi_NMVD74164.fasta,SqCL,AusARG_Agamidae,Squamata,Iguania,Agamidae,Amphibolurinae,Tympanocryptis,petersi,NMVD74164
Agamidae_Tympanocryptis_petersi_NMVD74168,354,30,4115,4499,Agamidae_Tympanocryptis_petersi_NMVD74168.fasta,SqCL,AusARG_Agamidae,Squamata,Iguania,Agamidae,Amphibolurinae,Tympanocryptis,petersi,NMVD74168
Agamidae_Tympanocryptis_pinguicolla_NMVZ75954,361,34,4707,5102,Agamidae_Tympanocryptis_pinguicolla_NMVZ75954.fasta,SqCL,AusARG_Agamidae,Squamata,Iguania,Agamidae,Amphibolurinae,Tympanocryptis,pinguicolla,NMVZ75954
Agamidae_Tympanocryptis_pseudopsephos_WAMR106201,333,26,2323,2682,Agamidae_Tympanocryptis_pseudopsephos_WAMR106201.fasta,SqCL,AusARG_Agamidae,Squamata,Iguania,Agamidae,Amphibolurinae,Tympanocryptis,pseudopsephos,WAMR106201
Agamidae_Tympanocryptis_pseudopsephos_WAMR146827,316,24,3945,4285,Agamidae_Tympanocryptis_pseudopsephos_WAMR146827.fasta,SqCL,AusARG_Agamidae,Squamata,Iguania,Agamidae,Amphibolurinae,Tympanocryptis,pseudopsephos,WAMR146827
Agamidae_Tympanocryptis_rustica_NMVD74671,364,33,4743,5140,Agamidae_Tympanocryptis_rustica_NMVD74671.fasta,SqCL,AusARG_Agamidae,Squamata,Iguania,Agamidae,Amphibolurinae,Tympanocryptis,rustica,NMVD74671
Agamidae_Tympanocryptis_rustica_SAMAR38823,337,29,4048,4414,Agamidae_Tympanocryptis_rustica_SAMAR38823.fasta,SqCL,AusARG_Agamidae,Squamata,Iguania,Agamidae,Amphibolurinae,Tympanocryptis,rustica,SAMAR38823
Agamidae_Tympanocryptis_tetraporophora_ANWC_R6135,359,34,4708,5101,Agamidae_Tympanocryptis_tetraporophora_ANWC_R6135.fasta,SqCL,AusARG_Agamidae,Squamata,Iguania,Agamidae,Amphibolurinae,Tympanocryptis,tetraporophora,ANWC
Agamidae_Tympanocryptis_tetraporophora_NMVD74046,357,34,4753,5144,Agamidae_Tympanocryptis_tetraporophora_NMVD74046.fasta,SqCL,AusARG_Agamidae,Squamata,Iguania,Agamidae,Amphibolurinae,Tympanocryptis,tetraporophora,NMVD74046
Agamidae_Tympanocryptis_tolleyi_SAMAR26711,364,36,4681,5081,Agamidae_Tympanocryptis_tolleyi_SAMAR26711.fasta,SqCL,AusARG_Agamidae,Squamata,Iguania,Agamidae,Amphibolurinae,Tympanocryptis,tolleyi,SAMAR26711
Agamidae_Tympanocryptis_wilsoni_QMJ87307,357,35,4741,5133,Agamidae_Tympanocryptis_wilsoni_QMJ87307.fasta,SqCL,AusARG_Agamidae,Squamata,Iguania,Agamidae,Amphibolurinae,Tympanocryptis,wilsoni,QMJ87307
Agamidae_Tympanocryptis_wilsoni_QMJ89119,353,31,4564,4948,Agamidae_Tympanocryptis_wilsoni_QMJ89119.fasta,SqCL,AusARG_Agamidae,Squamata,Iguania,Agamidae,Amphibolurinae,Tympanocryptis,wilsoni,QMJ89119
Agamidae_Acanthosaura_armata_lsuhc9351,16,0,4128,4144,Agamidae_Acanthosaura_armata_lsuhc9351.fasta,SqCL,Title & Singhal et al. (2024),Squamata,Iguania,Agamidae,Draconinae,Acanthosaura,armata,lsuhc9351
Agamidae_Acanthosaura_coronata_FMNH262964,359,35,4798,5192,Agamidae_Acanthosaura_coronata_FMNH262964.fasta,SqCL,Title & Singhal et al. (2024),Squamata,Iguania,Agamidae,Draconinae,Acanthosaura,coronata,FMNH262964
Agamidae_Acanthosaura_crucigera_LSUHC9913,354,0,1,355,Agamidae_Acanthosaura_crucigera_LSUHC9913.fasta,AHE,Burbrink et al. 2021 (AHE_T212),Squamata,Iguania,Agamidae,Draconinae,Acanthosaura,crucigera,LSUHC9913
Agamidae_Acanthosaura_lepidogaster_cwl818,14,0,3873,3887,Agamidae_Acanthosaura_lepidogaster_cwl818.fasta,SqCL,Title & Singhal et al. (2024),Squamata,Iguania,Agamidae,Draconinae,Acanthosaura,lepidogaster,cwl818
Agamidae_Acanthosaura_nataliae_MVZHerp258141,349,30,4659,5038,Agamidae_Acanthosaura_nataliae_MVZHerp258141.fasta,SqCL,Title & Singhal et al. (2024),Squamata,Iguania,Agamidae,Draconinae,Acanthosaura,nataliae,MVZHerp258141
Agamidae_Aphaniotis_acutirostris_MVZHerp239462,351,35,4820,5206,Agamidae_Aphaniotis_acutirostris_MVZHerp239462.fasta,SqCL,Title & Singhal et al. (2024),Squamata,Iguania,Agamidae,Draconinae,Aphaniotis,acutirostris,MVZHerp239462
Agamidae_Bronchocela_cristatella_acd1547,15,0,3961,3976,Agamidae_Bronchocela_cristatella_acd1547.fasta,SqCL,Title & Singhal et al. (2024),Squamata,Iguania,Agamidae,Draconinae,Bronchocela,cristatella,acd1547
Agamidae_Bronchocela_jubata_MVZHerp253996,359,35,4824,5218,Agamidae_Bronchocela_jubata_MVZHerp253996.fasta,SqCL,Title & Singhal et al. (2024),Squamata,Iguania,Agamidae,Draconinae,Bronchocela,jubata,MVZHerp253996
Agamidae_Bronchocela_smaragdina_FMNH262309,355,35,4735,5125,Agamidae_Bronchocela_smaragdina_FMNH262309.fasta,SqCL,Title & Singhal et al. (2024),Squamata,Iguania,Agamidae,Draconinae,Bronchocela,smaragdina,FMNH262309
Agamidae_Calotes_emma_CAS230941,27,27,4425,4479,Agamidae_Calotes_emma_CAS230941.fasta,SqCL,Title & Singhal et al. (2024),Squamata,Iguania,Agamidae,Draconinae,Calotes,emma,CAS230941
Agamidae_Calotes_emma_CTMZ04032,348,0,2,350,Agamidae_Calotes_emma_CTMZ04032.fasta,AHE,Burbrink et al. 2021 (AHE_T212),Squamata,Iguania,Agamidae,Draconinae,Calotes,emma,CTMZ04032
Agamidae_Calotes_mystaceus_dsm869,15,0,3758,3773,Agamidae_Calotes_mystaceus_dsm869.fasta,SqCL,Title & Singhal et al. (2024),Squamata,Iguania,Agamidae,Draconinae,Calotes,mystaceus,dsm869
Agamidae_Calotes_versicolor_lsuhc10327,16,0,4093,4109,Agamidae_Calotes_versicolor_lsuhc10327.fasta,SqCL,Title & Singhal et al. (2024),Squamata,Iguania,Agamidae,Draconinae,Calotes,versicolor,lsuhc10327
Agamidae_Calotes_versicolor_SAMN07676179,360,36,3848,4244,Agamidae_Calotes_versicolor_SAMN07676179.fasta,SqCL,NCBI,Squamata,Iguania,Agamidae,Draconinae,Calotes,versicolor,SAMN07676179
Agamidae_Ceratophora_aspera_AF128491,15,0,3303,3318,Agamidae_Ceratophora_aspera_AF128491.fasta,SqCL,Title & Singhal et al. (2024),Squamata,Iguania,Agamidae,Draconinae,Ceratophora,aspera,AF128491
Agamidae_Cophotis_ceylanica_AF128493,15,0,3739,3754,Agamidae_Cophotis_ceylanica_AF128493.fasta,SqCL,Title & Singhal et al. (2024),Squamata,Iguania,Agamidae,Draconinae,Cophotis,ceylanica,AF128493
Agamidae_Cristidorsa_planidorsata_CAS219935,358,34,4778,5170,Agamidae_Cristidorsa_planidorsata_CAS219935.fasta,SqCL,Title & Singhal et al. (2024),Squamata,Iguania,Agamidae,Draconinae,Cristidorsa,planidorsata,CAS219935
Agamidae_Diploderma_yunnanense_CAS242183,360,34,4806,5200,Agamidae_Diploderma_yunnanense_CAS242183.fasta,SqCL,Title & Singhal et al. (2024),Squamata,Iguania,Agamidae,Draconinae,Diploderma,yunnanense,CAS242183
Agamidae_Draco_blanfordii_lsuhc9427,15,0,3838,3853,Agamidae_Draco_blanfordii_lsuhc9427.fasta,SqCL,Title & Singhal et al. (2024),Squamata,Iguania,Agamidae,Draconinae,Draco,blanfordii,lsuhc9427
Agamidae_Draco_maculatus_kufs320,15,0,3906,3921,Agamidae_Draco_maculatus_kufs320.fasta,SqCL,Title & Singhal et al. (2024),Squamata,Iguania,Agamidae,Draconinae,Draco,maculatus,kufs320
Agamidae_Draco_spilopterus_elr1338,13,0,3896,3909,Agamidae_Draco_spilopterus_elr1338.fasta,SqCL,Title & Singhal et al. (2024),Squamata,Iguania,Agamidae,Draconinae,Draco,spilopterus,elr1338
Agamidae_Draco_walkeri_MVZHerp239464,342,32,4691,5065,Agamidae_Draco_walkeri_MVZHerp239464.fasta,SqCL,Title & Singhal et al. (2024),Squamata,Iguania,Agamidae,Draconinae,Draco,walkeri,MVZHerp239464
Agamidae_Gonocephalus_abbotti_FMNH230175,368,34,4806,5208,Agamidae_Gonocephalus_abbotti_FMNH230175.fasta,SqCL,Title & Singhal et al. (2024),Squamata,Iguania,Agamidae,Draconinae,Gonocephalus,abbotti,FMNH230175
Agamidae_Gonocephalus_doriae_FMNH230175,368,34,4790,5192,Agamidae_Gonocephalus_doriae_FMNH230175.fasta,SqCL,Singhal et al. 2021,Squamata,Iguania,Agamidae,Draconinae,Gonocephalus,doriae,FMNH230175
Agamidae_Gonocephalus_interruptus_KU314925,341,0,1,342,Agamidae_Gonocephalus_interruptus_KU314925.fasta,AHE,Burbrink et al. 2021 (AHE_T212),Squamata,Iguania,Agamidae,Draconinae,Gonocephalus,interruptus,KU314925
Agamidae_Gonocephalus_interruptus_rmb9384,15,0,4041,4056,Agamidae_Gonocephalus_interruptus_rmb9384.fasta,SqCL,Title & Singhal et al. (2024),Squamata,Iguania,Agamidae,Draconinae,Gonocephalus,interruptus,rmb9384
Agamidae_Gonocephalus_sophiae_rmb8061,14,0,3975,3989,Agamidae_Gonocephalus_sophiae_rmb8061.fasta,SqCL,Title & Singhal et al. (2024),Squamata,Iguania,Agamidae,Draconinae,Gonocephalus,sophiae,rmb8061
Agamidae_Lyriocephalus_scutatus_AF128494,16,0,3586,3602,Agamidae_Lyriocephalus_scutatus_AF128494.fasta,SqCL,Title & Singhal et al. (2024),Squamata,Iguania,Agamidae,Draconinae,Lyriocephalus,scutatus,AF128494
Agamidae_Mantheyus_phuwuanensis_fmnh262580,15,0,4072,4087,Agamidae_Mantheyus_phuwuanensis_fmnh262580.fasta,SqCL,Title & Singhal et al. (2024),Squamata,Iguania,Agamidae,Draconinae,Mantheyus,phuwuanensis,fmnh262580
Agamidae_Pseudocalotes_kingdonwardi_CAS241965,364,33,4786,5183,Agamidae_Pseudocalotes_kingdonwardi_CAS241965.fasta,SqCL,Title & Singhal et al. (2024),Squamata,Iguania,Agamidae,Draconinae,Pseudocalotes,kingdonwardi,CAS241965
Agamidae_Pseudocalotes_larutensis_lsuhc10285,15,0,3842,3857,Agamidae_Pseudocalotes_larutensis_lsuhc10285.fasta,SqCL,Title & Singhal et al. (2024),Squamata,Iguania,Agamidae,Draconinae,Pseudocalotes,larutensis,lsuhc10285
Agamidae_Pseudocalotes_microlepis_FMNH258710,357,32,4843,5232,Agamidae_Pseudocalotes_microlepis_FMNH258710.fasta,SqCL,Title & Singhal et al. (2024),Squamata,Iguania,Agamidae,Draconinae,Pseudocalotes,microlepis,FMNH258710
Agamidae_Ptyctolaemus_collicristatus_cas220561,17,0,3882,3899,Agamidae_Ptyctolaemus_collicristatus_cas220561.fasta,SqCL,Title & Singhal et al. (2024),Squamata,Iguania,Agamidae,Draconinae,Ptyctolaemus,collicristatus,cas220561
Agamidae_Ptyctolaemus_gularis_cas221296,15,0,4041,4056,Agamidae_Ptyctolaemus_gularis_cas221296.fasta,SqCL,Title & Singhal et al. (2024),Squamata,Iguania,Agamidae,Draconinae,Ptyctolaemus,gularis,cas221296
Agamidae_Salea_horsfieldii_AF128491,16,0,3979,3995,Agamidae_Salea_horsfieldii_AF128491.fasta,SqCL,Title & Singhal et al. (2024),Squamata,Iguania,Agamidae,Draconinae,Salea,horsfieldii,AF128491
Agamidae_Leiolepis_belliana_CAS210725,42,28,4456,4526,Agamidae_Leiolepis_belliana_CAS210725.fasta,SqCL,Singhal et al. 2021,Squamata,Iguania,Agamidae,Leiolepinae,Leiolepis,belliana,CAS210725
Agamidae_Leiolepis_belliana_LSUHC6842,350,0,1,351,Agamidae_Leiolepis_belliana_LSUHC6842.fasta,AHE,Burbrink et al. 2021 (AHE_T212),Squamata,Iguania,Agamidae,Leiolepinae,Leiolepis,belliana,LSUHC6842
Agamidae_Lophosaurus_dilophus_WAMR109630_2,365,35,4665,5065,Agamidae_Lophosaurus_dilophus_WAMR109630_2.fasta,SqCL,AusARG_Agamidae,Squamata,Iguania,Agamidae,Amphibolurinae,Lophosaurus,dilophus,WAMR109630
Agamidae_Tympanocryptis_osbornei_AA087670,365,34,4693,5092,Agamidae_Tympanocryptis_osbornei_AA087670.fasta,SqCL,AusARG_Agamidae,Squamata,Iguania,Agamidae,Amphibolurinae,Tympanocryptis,osbornei,AA087670
Agamidae_Tympanocryptis_osbornei_AA61541,360,34,4703,5097,Agamidae_Tympanocryptis_osbornei_AA61541.fasta,SqCL,AusARG_Agamidae,Squamata,Iguania,Agamidae,Amphibolurinae,Tympanocryptis,osbornei,AA61541
Agamidae_Uromastyx_sp_CTMZ12648,167,0,0,167,Agamidae_Uromastyx_sp_CTMZ12648.fasta,AHE,Burbrink et al. 2021 (AHE_T212),Squamata,Iguania,Agamidae,Uromastycinae,Uromastyx,sp,CTMZ12648
Teiidae_Salvator_merianae_SAMN09273531,388,41,5000,5429,Teiidae_Salvator_merianae_SAMN09273531.fasta,SqCL,NCBI,Squamata,Lacertoidea,Teiidae,NA,Salvator,merianae,SAMN09273531
Scincidae_Cryptoblepharus_egeriae_SAMN32772511,388,40,5003,5431,Scincidae_Cryptoblepharus_egeriae_SAMN32772511.fasta,SqCL,NCBI,Squamata,Scincoidea,Scincidae,Lygosominae_Eugongylini,Cryptoblepharus,egeriae,SAMN32772511
Elapidae_Hydrophis_elegans_SAMN35787919,385,39,4859,5283,Elapidae_Hydrophis_elegans_SAMN35787919.fasta,SqCL,NCBI,Squamata,Serpentes,Elapidae,NA,Hydrophis,elegans,SAMN35787919
Agamidae_Hydrosaurus_sp_JAM848,NA,NA,2718,2718,Agamidae_Hydrosaurus_sp_JAM848.fasta,UCE,Streicher_Iguania,Squamata,Iguania,Agamidae,Hydrosaurinae,Hydrosaurus,sp,JAM848